"","Mean","Median","Mode","ESS","HDImass","HDIlow","HDIhigh","CompVal","PcntGtCompVal","ROPElow","ROPEhigh","PcntLtROPE","PcntInROPE","PcntGtROPE"
"beta0[1]",18797.24734033,18992.55,20579.6394717353,12456.2,0.95,5054.62,32846.8,NA,NA,NA,NA,NA,NA,NA
"beta0[2]",45714.0059185,45751.45,47380.8695016275,19527.8,0.95,26610.1,64191.4,NA,NA,NA,NA,NA,NA,NA
"beta0[3]",37328.4776867,37654.65,37780.9039354194,14172.3,0.95,23893.5,50976.4,NA,NA,NA,NA,NA,NA,NA
"beta0[4]",23459.221061275,23951.3,25357.2815722494,17615.6,0.95,9851.73,36461.1,NA,NA,NA,NA,NA,NA,NA
"beta0[5]",46858.538643,46890.05,46533.1271767371,2858.4,0.95,32616.9,60670.3,NA,NA,NA,NA,NA,NA,NA
"beta0[6]",38944.9835793,39588.25,40837.5757755131,13145.6,0.95,22965.9,53888.5,NA,NA,NA,NA,NA,NA,NA
"beta0[7]",29700.05339206,29731.65,30502.6423230692,11587.7,0.95,10734.2,46828.5,NA,NA,NA,NA,NA,NA,NA
"beta0[8]",28876.335280775,28730.25,28173.7233464842,18944,0.95,11317,45903.2,NA,NA,NA,NA,NA,NA,NA
"beta0[9]",37646.7844248475,37529.2,36327.5486190044,20000,0.95,4680.13,68970.4,NA,NA,NA,NA,NA,NA,NA
"beta0[10]",29293.60073595,29622.65,31398.687514341,5114.5,0.95,17800.6,41209.3,NA,NA,NA,NA,NA,NA,NA
"beta0[11]",29101.32913595,29817.35,31300.4366287429,10779.3,0.95,15843.1,40508.5,NA,NA,NA,NA,NA,NA,NA
"beta0[12]",29656.703984,29253.05,29258.8156342063,19296.8,0.95,13987,47023.1,NA,NA,NA,NA,NA,NA,NA
"beta0[13]",26637.761370505,26907.8,26803.9228418245,16814,0.95,10961.5,41295.9,NA,NA,NA,NA,NA,NA,NA
"beta0[14]",28035.179981,28130.95,28199.9514649166,12035.9,0.95,18107.4,37453.4,NA,NA,NA,NA,NA,NA,NA
"beta0[15]",22132.578404855,22630.3,24073.527497669,6984.5,0.95,10377.4,31748.1,NA,NA,NA,NA,NA,NA,NA
"beta0[16]",27553.26720655,27989.2,29005.4981326974,13083,0.95,15069.7,38357.7,NA,NA,NA,NA,NA,NA,NA
"beta0[17]",25216.3741046,25160.3,24913.4325165178,17943.1,0.95,13304.4,36767.2,NA,NA,NA,NA,NA,NA,NA
"beta0[18]",14960.0583999357,15344.75,16212.0768548203,10095.7,0.95,2418.94,26396.9,NA,NA,NA,NA,NA,NA,NA
"beta0[19]",11258.487554896,11411.5,11333.1065196017,13177.2,0.95,-2627.6,23482.3,NA,NA,NA,NA,NA,NA,NA
"beta0[20]",17539.629243087,17503.2,17643.5265386277,16265.5,0.95,2403.33,32325.3,NA,NA,NA,NA,NA,NA,NA
"beta0[21]",37058.9566015,36988.8,36956.5478517352,13506.9,0.95,22127.7,50753.1,NA,NA,NA,NA,NA,NA,NA
"beta0[22]",16546.9448346628,15678.1,15485.1651876444,12591.5,0.95,-5818.08,42513.8,NA,NA,NA,NA,NA,NA,NA
"beta0[23]",14390.29059203,14728.55,15902.9185545138,5187.6,0.95,4457.8,23809,NA,NA,NA,NA,NA,NA,NA
"beta0[24]",19282.04786725,19327.15,20163.2685985007,11525.1,0.95,8319.94,29837.8,NA,NA,NA,NA,NA,NA,NA
"beta0[25]",18059.7458123505,18631.3,20595.5432368208,15197,0.95,2527.6,32927.4,NA,NA,NA,NA,NA,NA,NA
"beta0[26]",17520.4628579825,17456.55,16132.7657997759,10806.7,0.95,6697.61,28421.7,NA,NA,NA,NA,NA,NA,NA
"beta0[27]",25603.868344565,25671.05,25611.3240378447,17529.1,0.95,9597.11,41338.9,NA,NA,NA,NA,NA,NA,NA
"beta0[28]",23507.27271925,23407.35,23175.509885871,17471.6,0.95,12244.8,35697.6,NA,NA,NA,NA,NA,NA,NA
"beta0[29]",35556.49863495,35815,36009.6774152655,17149.7,0.95,19057.6,52601.6,NA,NA,NA,NA,NA,NA,NA
"beta0[30]",21879.5831609571,20456.4,18162.0996360063,16027.1,0.95,644.564,48154.5,NA,NA,NA,NA,NA,NA,NA
"beta0[31]",17260.677143489,16350.25,15779.7180435993,13365.7,0.95,-532.359,36997.7,NA,NA,NA,NA,NA,NA,NA
"beta0[32]",35535.187308981,36618.05,37765.8440081409,16692.9,0.95,16008.4,52891.2,NA,NA,NA,NA,NA,NA,NA
"beta0[33]",20836.579296655,21391.7,23054.1152331489,7440.6,0.95,8535.08,31581.4,NA,NA,NA,NA,NA,NA,NA
"beta0[34]",27589.49952925,28368.45,29712.5042108863,8527.7,0.95,15750,37917.5,NA,NA,NA,NA,NA,NA,NA
"beta0[35]",25499.167280895,25548.15,25933.4572348009,17829.9,0.95,8583.75,40772.9,NA,NA,NA,NA,NA,NA,NA
"beta0[36]",18153.7445797995,18737.9,20014.1144016322,6846.6,0.95,6478.45,28109.9,NA,NA,NA,NA,NA,NA,NA
"beta0[37]",28779.8605006,29189.1,29430.0119700777,12416.8,0.95,15275.2,40951,NA,NA,NA,NA,NA,NA,NA
"beta0[38]",31793.0410133,32101.5,33477.4390396621,13380.6,0.95,19382.7,43253.8,NA,NA,NA,NA,NA,NA,NA
"beta0[39]",8975.2726552715,8897.56,9384.59938799346,8830.6,0.95,-455.319,17900.9,NA,NA,NA,NA,NA,NA,NA
"beta0[40]",440.98493012815,759.367,975.281253534486,10680.7,0.95,-7786.7,7877.19,NA,NA,NA,NA,NA,NA,NA
"beta0[41]",23428.775098494,23191.1,22289.0678020548,18710.2,0.95,4419.31,43698.8,NA,NA,NA,NA,NA,NA,NA
"beta0[42]",26346.38588252,26290.9,25703.5892025046,11696.4,0.95,13143.4,40425.1,NA,NA,NA,NA,NA,NA,NA
"beta0[43]",24868.80802401,25134.65,24667.4853849139,20000,0.95,9000.94,40297.8,NA,NA,NA,NA,NA,NA,NA
"beta0[44]",20188.165528243,20490.6,20916.3541985653,14098.7,0.95,7676.43,32232.7,NA,NA,NA,NA,NA,NA,NA
"beta0[45]",40817.14344195,41514.4,41975.21062307,8894.8,0.95,30113,49436.7,NA,NA,NA,NA,NA,NA,NA
"beta0[46]",35975.39657265,36412.9,38057.8921584507,15329.6,0.95,23080.2,46729.8,NA,NA,NA,NA,NA,NA,NA
"beta0[47]",26736.334202805,26714.6,26675.8094035504,17037.2,0.95,9851.65,45248.4,NA,NA,NA,NA,NA,NA,NA
"beta0[48]",32952.8145975,33270.2,33848.7148682112,12197.2,0.95,18493.6,45107.3,NA,NA,NA,NA,NA,NA,NA
"beta0[49]",37106.873492,37347.4,37277.8544818658,10048.3,0.95,22742.5,49549.2,NA,NA,NA,NA,NA,NA,NA
"beta0[50]",10783.377601442,10748.4,10485.0640783411,16995.9,0.95,-2973.85,24160.3,NA,NA,NA,NA,NA,NA,NA
"beta0[51]",20172.21841328,20546.55,21009.97705798,9777.6,0.95,8641.99,31018.9,NA,NA,NA,NA,NA,NA,NA
"beta0[52]",36641.26473835,36639.6,36368.7719154661,19073.8,0.95,19567,54811.9,NA,NA,NA,NA,NA,NA,NA
"beta1[1]",18458.914507,18417.2,17887.8775959309,11743,0.95,9974.85,26391.5,NA,NA,NA,NA,NA,NA,NA
"beta1[2]",17610.865774025,17660.65,17661.6823553607,19421,0.95,7579.05,27178.3,NA,NA,NA,NA,NA,NA,NA
"beta1[3]",11230.55754862,11182.35,11187.7621821968,13554,0.95,3731.53,18752.2,NA,NA,NA,NA,NA,NA,NA
"beta1[4]",13586.39928915,13428.35,12894.9207055286,16900.5,0.95,6245.27,20760,NA,NA,NA,NA,NA,NA,NA
"beta1[5]",10518.3140593915,10549.35,10608.1016586069,2851.9,0.95,1669.79,19016.6,NA,NA,NA,NA,NA,NA,NA
"beta1[6]",16572.32347535,16213.95,15857.9332757261,12698.7,0.95,8526.99,25893.6,NA,NA,NA,NA,NA,NA,NA
"beta1[7]",27257.649203,27011.75,26171.9331216445,11225.5,0.95,17121.8,38080.1,NA,NA,NA,NA,NA,NA,NA
"beta1[8]",21369.442226,21376.25,20759.0696988638,18747.1,0.95,11939.4,30949.2,NA,NA,NA,NA,NA,NA,NA
"beta1[9]",15973.597296615,16071.55,16433.4000182951,19478.9,0.95,2318.72,30220.3,NA,NA,NA,NA,NA,NA,NA
"beta1[10]",13573.5020465,13410.2,12220.136484127,4755,0.95,6438.7,21079.4,NA,NA,NA,NA,NA,NA,NA
"beta1[11]",14372.383592,13947,13016.9482086337,10343.3,0.95,7463.23,22094.1,NA,NA,NA,NA,NA,NA,NA
"beta1[12]",22398.125243255,22527.45,22594.7694497977,18707.2,0.95,13442.5,31075.1,NA,NA,NA,NA,NA,NA,NA
"beta1[13]",14182.053418335,14151.7,14758.8450380126,16484.8,0.95,5695.08,22147.4,NA,NA,NA,NA,NA,NA,NA
"beta1[14]",20482.592345,20415.25,20453.2306085459,11675.8,0.95,14798.2,26097.2,NA,NA,NA,NA,NA,NA,NA
"beta1[15]",18535.1473145,18178.9,16838.97607315,6829.8,0.95,12512.9,25602.7,NA,NA,NA,NA,NA,NA,NA
"beta1[16]",18728.581863,18453.45,17914.8312934565,12376.3,0.95,12103.4,25913.3,NA,NA,NA,NA,NA,NA,NA
"beta1[17]",20523.0576175,20595.1,20955.2389557868,17429.6,0.95,13950.1,27080.6,NA,NA,NA,NA,NA,NA,NA
"beta1[18]",19605.787177,19380.45,18711.2618734685,9540.6,0.95,12646.2,27134.8,NA,NA,NA,NA,NA,NA,NA
"beta1[19]",22776.4028275,22691.65,22786.450667473,11951.4,0.95,15274,30761.2,NA,NA,NA,NA,NA,NA,NA
"beta1[20]",22263.3196235,22261.3,22098.8245904114,15541.4,0.95,13288,30675.8,NA,NA,NA,NA,NA,NA,NA
"beta1[21]",24072.8039495,24016.4,24095.0043173083,12780.7,0.95,16147.1,32715.6,NA,NA,NA,NA,NA,NA,NA
"beta1[22]",32990.647315,32792.6,31603.577496809,10785,0.95,21084.3,45171,NA,NA,NA,NA,NA,NA,NA
"beta1[23]",23759.725741,23515.6,23006.3240138911,4868,0.95,18071.7,30193.3,NA,NA,NA,NA,NA,NA,NA
"beta1[24]",27747.311565,27702.7,27512.3152055746,10855.8,0.95,21458,34112.3,NA,NA,NA,NA,NA,NA,NA
"beta1[25]",15018.77448545,14807.5,13991.1450531,14674.8,0.95,6565.76,23553.2,NA,NA,NA,NA,NA,NA,NA
"beta1[26]",21425.9103725,21467.1,22187.343342402,10147,0.95,14954.1,28023.5,NA,NA,NA,NA,NA,NA,NA
"beta1[27]",16586.9515918685,16597.8,16456.7222240376,16930.6,0.95,7813.41,25714.9,NA,NA,NA,NA,NA,NA,NA
"beta1[28]",21444.4054765,21520.6,21903.5364731704,16850.6,0.95,14770.3,27963.3,NA,NA,NA,NA,NA,NA,NA
"beta1[29]",12873.9705141,12866.85,12428.324963565,16466.7,0.95,3601.08,22181,NA,NA,NA,NA,NA,NA,NA
"beta1[30]",28616.586128135,28979.65,29539.922484379,14836,0.95,15857.7,39469.3,NA,NA,NA,NA,NA,NA,NA
"beta1[31]",33844.954539,33949.45,33944.6082945399,11447.8,0.95,24281.2,43833.4,NA,NA,NA,NA,NA,NA,NA
"beta1[32]",9248.5930410925,8966.2,8049.43904213786,15935.8,0.95,115.1,19032.2,NA,NA,NA,NA,NA,NA,NA
"beta1[33]",23240.759838,22815.05,22050.842577613,6739.8,0.95,16631,30773.7,NA,NA,NA,NA,NA,NA,NA
"beta1[34]",14905.5665415,14451.25,13318.3758011846,7951.3,0.95,8913.64,22262.9,NA,NA,NA,NA,NA,NA,NA
"beta1[35]",21979.94313005,21952.65,22131.4867841213,17399.4,0.95,13098.9,30949.9,NA,NA,NA,NA,NA,NA,NA
"beta1[36]",21457.172759,21041.75,20539.765133149,6432.1,0.95,15307.9,28690.5,NA,NA,NA,NA,NA,NA,NA
"beta1[37]",13594.12540403,13443.95,13685.7605401024,11726,0.95,6286,21214.7,NA,NA,NA,NA,NA,NA,NA
"beta1[38]",14575.4429157,14414.35,13880.21171527,12857.8,0.95,7994.1,21915.4,NA,NA,NA,NA,NA,NA,NA
"beta1[39]",29021.40033,29001.95,28661.7926087993,8501.2,0.95,23603.8,34672.9,NA,NA,NA,NA,NA,NA,NA
"beta1[40]",11344.9964385,11220.7,11056.4709615622,9786.6,0.95,6768.34,15932.5,NA,NA,NA,NA,NA,NA,NA
"beta1[41]",24006.53149655,24017.15,23676.1231760575,18428.8,0.95,14113.3,35239.3,NA,NA,NA,NA,NA,NA,NA
"beta1[42]",14969.6669814,15135.95,15666.7350706187,10777.3,0.95,6791.45,22731.5,NA,NA,NA,NA,NA,NA,NA
"beta1[43]",19636.7964168075,19591.1,19484.5282654877,20000,0.95,11847.4,28374.2,NA,NA,NA,NA,NA,NA,NA
"beta1[44]",17530.749259,17435.35,17435.9106035113,13681.5,0.95,10388.1,24533.5,NA,NA,NA,NA,NA,NA,NA
"beta1[45]",9726.337792,9321.5,8798.43714670107,8560.8,0.95,4650.6,15926.5,NA,NA,NA,NA,NA,NA,NA
"beta1[46]",12076.665177325,11811.05,10833.9436865167,13341.7,0.95,5879.5,19077.2,NA,NA,NA,NA,NA,NA,NA
"beta1[47]",20429.2727486,20385.2,20163.4745020449,17345.2,0.95,11204.6,30358.3,NA,NA,NA,NA,NA,NA,NA
"beta1[48]",20201.0216804,19931.6,19224.3047734105,10776,0.95,12934.1,28625.9,NA,NA,NA,NA,NA,NA,NA
"beta1[49]",17411.39830785,17290.2,17364.4552224438,9584.5,0.95,9692.93,25523.4,NA,NA,NA,NA,NA,NA,NA
"beta1[50]",21137.7424835,21142.55,21034.2955745222,15669.8,0.95,13571.2,28978.5,NA,NA,NA,NA,NA,NA,NA
"beta1[51]",23550.17344,23295.65,22962.2948635061,9140.2,0.95,17297,30767.6,NA,NA,NA,NA,NA,NA,NA
"beta1[52]",16729.531799145,16736.65,16825.9389353709,18782.3,0.95,7277,25701.3,NA,NA,NA,NA,NA,NA,NA
"beta2[1]",-2011.10011566,-2008.065,-1970.37248940378,11844,0.95,-3013.82,-1060.41,NA,NA,NA,NA,NA,NA,NA
"beta2[2]",-1850.4865209775,-1855.17,-1952.16531524912,20383.3,0.95,-2975.04,-732.129,NA,NA,NA,NA,NA,NA,NA
"beta2[3]",-1287.2141346968,-1284.41,-1295.03428182421,13580,0.95,-2183.17,-413.304,NA,NA,NA,NA,NA,NA,NA
"beta2[4]",-1423.6333770305,-1410.945,-1383.0532541055,16741.3,0.95,-2276.19,-563.039,NA,NA,NA,NA,NA,NA,NA
"beta2[5]",-1151.56380314685,-1162.78,-1107.52046694088,3280.4,0.95,-2083.53,-117.126,NA,NA,NA,NA,NA,NA,NA
"beta2[6]",-1846.416157284,-1816.53,-1780.93064694919,13390.3,0.95,-2857.03,-894.1,NA,NA,NA,NA,NA,NA,NA
"beta2[7]",-2676.132389605,-2642.615,-2581.05578436781,10774.6,0.95,-3967.66,-1490.22,NA,NA,NA,NA,NA,NA,NA
"beta2[8]",-2154.417907778,-2153.975,-2140.31858175547,18008.6,0.95,-3261.03,-1015.89,NA,NA,NA,NA,NA,NA,NA
"beta2[9]",-1708.3836854593,-1720.415,-1693.35046738085,19465.4,0.95,-3202.46,-198.855,NA,NA,NA,NA,NA,NA,NA
"beta2[10]",-1391.0010521755,-1372.215,-1425.2710251824,4638.4,0.95,-2318.89,-486.88,NA,NA,NA,NA,NA,NA,NA
"beta2[11]",-1531.42144167,-1487.9,-1414.92172684752,10592.3,0.95,-2446.46,-705.645,NA,NA,NA,NA,NA,NA,NA
"beta2[12]",-2183.255555427,-2190.45,-2174.22239359154,17004,0.95,-3230.16,-1045.4,NA,NA,NA,NA,NA,NA,NA
"beta2[13]",-1443.7975084894,-1439.2,-1454.8732339138,16457.1,0.95,-2433.3,-457.294,NA,NA,NA,NA,NA,NA,NA
"beta2[14]",-2169.42901855,-2159.645,-2144.12789701423,11549.7,0.95,-2880.9,-1497.11,NA,NA,NA,NA,NA,NA,NA
"beta2[15]",-1872.3273027,-1833.715,-1762.52349839005,6996.2,0.95,-2699.19,-1101.55,NA,NA,NA,NA,NA,NA,NA
"beta2[16]",-1933.4042642,-1906.895,-1832.93797214377,12408,0.95,-2819.52,-1143.67,NA,NA,NA,NA,NA,NA,NA
"beta2[17]",-2216.164171,-2220.77,-2243.32382399972,17203.4,0.95,-3012.3,-1417.78,NA,NA,NA,NA,NA,NA,NA
"beta2[18]",-2022.337515,-2001.57,-2027.54666345323,9475.9,0.95,-2968.35,-1182.11,NA,NA,NA,NA,NA,NA,NA
"beta2[19]",-2372.9860834,-2361.415,-2374.58430132506,11753,0.95,-3320.75,-1452.14,NA,NA,NA,NA,NA,NA,NA
"beta2[20]",-2272.500528285,-2268.475,-2279.86879089736,14941.9,0.95,-3367.44,-1262.82,NA,NA,NA,NA,NA,NA,NA
"beta2[21]",-2380.55646957,-2365.965,-2378.69117176964,12182,0.95,-3403.76,-1426.73,NA,NA,NA,NA,NA,NA,NA
"beta2[22]",-3242.67825215,-3206.255,-3026.48854470771,10059.2,0.95,-4591.39,-1905.44,NA,NA,NA,NA,NA,NA,NA
"beta2[23]",-2564.4489954,-2539.09,-2485.68393057159,4785.8,0.95,-3353.01,-1859.09,NA,NA,NA,NA,NA,NA,NA
"beta2[24]",-2975.893998,-2976.045,-2993.05365455644,10625.9,0.95,-3767.31,-2212.82,NA,NA,NA,NA,NA,NA,NA
"beta2[25]",-1629.377710704,-1609.175,-1585.58552095545,15126.4,0.95,-2665.6,-664.055,NA,NA,NA,NA,NA,NA,NA
"beta2[26]",-2198.60831435,-2202.78,-2240.24280486673,10099,0.95,-2999.59,-1405.43,NA,NA,NA,NA,NA,NA,NA
"beta2[27]",-1677.20658956355,-1679.39,-1694.7203180073,16786.2,0.95,-2767.7,-626.393,NA,NA,NA,NA,NA,NA,NA
"beta2[28]",-2264.160229,-2269.845,-2274.73080620862,16395.1,0.95,-3088.07,-1440.9,NA,NA,NA,NA,NA,NA,NA
"beta2[29]",-1282.92199442905,-1283.7,-1295.10569540127,16311.9,0.95,-2402.78,-182.715,NA,NA,NA,NA,NA,NA,NA
"beta2[30]",-2875.02546385,-2892.84,-2882.25841648376,14819.7,0.95,-4192.01,-1510.92,NA,NA,NA,NA,NA,NA,NA
"beta2[31]",-3358.7285755,-3350.55,-3314.00811151908,10863.8,0.95,-4512.36,-2242.98,NA,NA,NA,NA,NA,NA,NA
"beta2[32]",-997.059197159715,-974.123,-923.971094708204,15742.7,0.95,-2135.01,10.563,NA,NA,NA,NA,NA,NA,NA
"beta2[33]",-2245.5346022,-2186.905,-2089.04830798325,6543.5,0.95,-3221.16,-1447.29,NA,NA,NA,NA,NA,NA,NA
"beta2[34]",-1658.46042815,-1614.04,-1471.37007083353,8144.1,0.95,-2503,-924.132,NA,NA,NA,NA,NA,NA,NA
"beta2[35]",-2280.080827828,-2274.445,-2226.51652708915,17222.6,0.95,-3346.5,-1230.03,NA,NA,NA,NA,NA,NA,NA
"beta2[36]",-2241.99121825,-2197.225,-2074.14854429242,6474.8,0.95,-3108.06,-1495.35,NA,NA,NA,NA,NA,NA,NA
"beta2[37]",-1462.073956487,-1445.975,-1382.33893725041,11747.7,0.95,-2373.93,-542.826,NA,NA,NA,NA,NA,NA,NA
"beta2[38]",-1526.33595311,-1507.645,-1474.43636808646,12842.6,0.95,-2388.22,-684.817,NA,NA,NA,NA,NA,NA,NA
"beta2[39]",-3001.1504215,-2992.08,-2967.82955258927,7809,0.95,-3738,-2353.23,NA,NA,NA,NA,NA,NA,NA
"beta2[40]",-1145.51739108,-1131.9,-1102.0109066226,9520.8,0.95,-1755.55,-579.3,NA,NA,NA,NA,NA,NA,NA
"beta2[41]",-2454.41079527,-2453.43,-2469.98749167744,17841.3,0.95,-3618.1,-1215.43,NA,NA,NA,NA,NA,NA,NA
"beta2[42]",-1631.769445684,-1651.285,-1713.04780358734,10728,0.95,-2536.84,-611.808,NA,NA,NA,NA,NA,NA,NA
"beta2[43]",-2091.77496801,-2091.64,-2090.14372604954,20000,0.95,-3065.84,-1115.92,NA,NA,NA,NA,NA,NA,NA
"beta2[44]",-1858.18507355,-1846,-1784.48422746298,13484,0.95,-2719.15,-972.088,NA,NA,NA,NA,NA,NA,NA
"beta2[45]",-1139.1661865915,-1094.32,-1020.99111196825,8875.9,0.95,-1845.86,-554.608,NA,NA,NA,NA,NA,NA,NA
"beta2[46]",-971.1725791408,-930.539,-849.346585597723,12519.4,0.95,-1872.09,-193.877,NA,NA,NA,NA,NA,NA,NA
"beta2[47]",-2105.50725667,-2104.355,-2094.81672846273,17350.3,0.95,-3202.88,-1005.33,NA,NA,NA,NA,NA,NA,NA
"beta2[48]",-1914.24254034,-1881.805,-1791.47180455404,10364.9,0.95,-2943.66,-999.054,NA,NA,NA,NA,NA,NA,NA
"beta2[49]",-1923.5075902195,-1914.955,-1903.62693434415,10165.5,0.95,-2855.96,-1014.14,NA,NA,NA,NA,NA,NA,NA
"beta2[50]",-2140.73024605,-2137.79,-2140.42800951717,15254.5,0.95,-3071.62,-1203.17,NA,NA,NA,NA,NA,NA,NA
"beta2[51]",-2519.6534299,-2492.44,-2451.9011098739,9141.9,0.95,-3369.73,-1735.12,NA,NA,NA,NA,NA,NA,NA
"beta2[52]",-1734.3980784395,-1735.175,-1788.39947015488,18829.1,0.95,-2835.8,-682.012,NA,NA,NA,NA,NA,NA,NA
"beta0mu",25965.21081,25958.65,25811.4741002784,14431.9,0.95,19481.9,32725,NA,NA,NA,NA,NA,NA,NA
"beta1mu",19130.441425,19107.15,18951.935176549,8124.9,0.95,16581.8,21755.3,NA,NA,NA,NA,NA,NA,NA
"beta2mu",-1980.1442435,-1976.995,-1966.04426447765,7363.3,0.95,-2288.37,-1688.68,NA,NA,NA,NA,NA,NA,NA
"zbeta0[1]",-0.3849351818461,-0.3904115,-0.454136724622846,12079.2,0.95,-0.710232,-0.0579843,NA,NA,NA,NA,NA,NA,NA
"zbeta0[2]",1.3987556622,1.40379,1.42742328398302,20000,0.95,0.992752,1.7852,NA,NA,NA,NA,NA,NA,NA
"zbeta0[3]",-0.340106497072505,-0.342523,-0.349771362738008,13665.1,0.95,-0.60559,-0.0747408,NA,NA,NA,NA,NA,NA,NA
"zbeta0[4]",-0.74827593813,-0.7479325,-0.731305048431501,17786.5,0.95,-0.990596,-0.501277,NA,NA,NA,NA,NA,NA,NA
"zbeta0[5]",0.273920609579865,0.2360295,0.192321604326877,2186,0.95,-0.065054,0.780735,NA,NA,NA,NA,NA,NA,NA
"zbeta0[6]",0.629855607041,0.6050025,0.568239991362175,11297.6,0.95,0.317716,1.02346,NA,NA,NA,NA,NA,NA,NA
"zbeta0[7]",2.1214409475,2.125885,2.11316137068341,13812.5,0.95,1.66429,2.56436,NA,NA,NA,NA,NA,NA,NA
"zbeta0[8]",0.9873218110355,0.9934145,1.03409049065734,18511.5,0.95,0.582727,1.39051,NA,NA,NA,NA,NA,NA,NA
"zbeta0[9]",0.54881614784688,0.5302555,0.512128609732123,19355.4,0.95,-0.209694,1.36256,NA,NA,NA,NA,NA,NA,NA
"zbeta0[10]",-0.31258015915266,-0.3235145,-0.340893172966159,5591.1,0.95,-0.560193,-0.0365677,NA,NA,NA,NA,NA,NA,NA
"zbeta0[11]",-0.27473214148381,-0.3010295,-0.33812665331069,11124.2,0.95,-0.519829,0.0585794,NA,NA,NA,NA,NA,NA,NA
"zbeta0[12]",1.31393271055,1.31443,1.29953635755414,18008.7,0.95,0.993415,1.6375,NA,NA,NA,NA,NA,NA,NA
"zbeta0[13]",-0.3793500986523,-0.3807825,-0.378513505980346,17297.7,0.95,-0.676035,-0.0839753,NA,NA,NA,NA,NA,NA,NA
"zbeta0[14]",0.63969663695,0.6319965,0.620862205960517,13368.2,0.95,0.455787,0.839782,NA,NA,NA,NA,NA,NA,NA
"zbeta0[15]",0.0542384602853545,0.0349042,-0.00572758079148117,7855.8,0.95,-0.154446,0.335215,NA,NA,NA,NA,NA,NA,NA
"zbeta0[16]",0.396339377116,0.379705,0.358647124099781,12927.7,0.95,0.166638,0.679208,NA,NA,NA,NA,NA,NA,NA
"zbeta0[17]",0.39717596926875,0.4008595,0.420945078864328,18632.9,0.95,0.154581,0.613468,NA,NA,NA,NA,NA,NA,NA
"zbeta0[18]",-0.310740548426245,-0.3256495,-0.369129109200201,11670.8,0.95,-0.568121,-0.00857922,NA,NA,NA,NA,NA,NA,NA
"zbeta0[19]",-0.0761750183319755,-0.07847035,-0.0735057053906298,14286.9,0.95,-0.372407,0.240851,NA,NA,NA,NA,NA,NA,NA
"zbeta0[20]",0.330413282520915,0.331208,0.281335857486303,17609.7,0.95,-0.00890125,0.690778,NA,NA,NA,NA,NA,NA,NA
"zbeta0[21]",2.05460311,2.05073,2.02055709621024,14711.7,0.95,1.74672,2.38656,NA,NA,NA,NA,NA,NA,NA
"zbeta0[22]",2.200823459,2.206515,2.48480448772239,12578.7,0.95,1.71956,2.63926,NA,NA,NA,NA,NA,NA,NA
"zbeta0[23]",0.17287952474925,0.1685525,0.159706930254668,6039.9,0.95,-0.0588423,0.412537,NA,NA,NA,NA,NA,NA,NA
"zbeta0[24]",1.1545864195,1.155565,1.15473167575576,12642.9,0.95,0.938259,1.39285,NA,NA,NA,NA,NA,NA,NA
"zbeta0[25]",-0.95945957645,-0.9751065,-0.995173682765621,15936.5,0.95,-1.24976,-0.613673,NA,NA,NA,NA,NA,NA,NA
"zbeta0[26]",0.175334879261372,0.1789095,0.186762241020396,10896.5,0.95,-0.0775213,0.412057,NA,NA,NA,NA,NA,NA,NA
"zbeta0[27]",-0.036756593233197,-0.03940205,0.00814669678893321,17816.1,0.95,-0.412763,0.332885,NA,NA,NA,NA,NA,NA,NA
"zbeta0[28]",0.49633677769,0.5013845,0.516566328116162,18713.9,0.95,0.261325,0.718985,NA,NA,NA,NA,NA,NA,NA
"zbeta0[29]",0.046392556875895,0.04632625,0.0363013929513188,17665.1,0.95,-0.30326,0.40457,NA,NA,NA,NA,NA,NA,NA
"zbeta0[30]",1.733415845865,1.74999,1.73832862001199,17306.6,0.95,1.31607,2.13964,NA,NA,NA,NA,NA,NA,NA
"zbeta0[31]",2.3502774085,2.35924,2.36002221862543,14371.3,0.95,2.0413,2.6609,NA,NA,NA,NA,NA,NA,NA
"zbeta0[32]",-0.667462817706,-0.674038,-0.676473508781638,16485.8,0.95,-0.964965,-0.3626,NA,NA,NA,NA,NA,NA,NA
"zbeta0[33]",0.88823549425,0.880669,0.874377469712809,10512,0.95,0.648969,1.13886,NA,NA,NA,NA,NA,NA,NA
"zbeta0[34]",-0.3887837141846,-0.4130715,-0.449510152165378,7767.5,0.95,-0.619092,-0.0777132,NA,NA,NA,NA,NA,NA,NA
"zbeta0[35]",0.77245090238,0.7706135,0.77172358304813,19330.4,0.95,0.419686,1.14771,NA,NA,NA,NA,NA,NA,NA
"zbeta0[36]",0.168259117462985,0.152838,0.124003642252773,7184.7,0.95,-0.0711157,0.4311,NA,NA,NA,NA,NA,NA,NA
"zbeta0[37]",-0.43848439144925,-0.452238,-0.501257396501603,12643.5,0.95,-0.675986,-0.1557,NA,NA,NA,NA,NA,NA,NA
"zbeta0[38]",-0.0237261663238175,-0.03372845,-0.0566641833885576,14973.2,0.95,-0.270586,0.232745,NA,NA,NA,NA,NA,NA,NA
"zbeta0[39]",0.81042243095,0.807364,0.802616444165328,12344.1,0.95,0.642058,1.00616,NA,NA,NA,NA,NA,NA,NA
"zbeta0[40]",-2.6077556695,-2.60788,-2.60407146670393,14153.4,0.95,-2.74011,-2.48033,NA,NA,NA,NA,NA,NA,NA
"zbeta0[41]",1.010638211906,1.01247,0.991174654448162,18926.4,0.95,0.562872,1.47428,NA,NA,NA,NA,NA,NA,NA
"zbeta0[42]",-0.416816577841127,-0.409055,-0.343144149696761,11580,0.95,-0.719862,-0.130129,NA,NA,NA,NA,NA,NA,NA
"zbeta0[43]",0.27420233132492,0.278119,0.277444154223061,20000,0.95,-0.0198121,0.554442,NA,NA,NA,NA,NA,NA,NA
"zbeta0[44]",-0.3639052224405,-0.3680005,-0.395412924646411,13911.5,0.95,-0.604949,-0.110406,NA,NA,NA,NA,NA,NA,NA
"zbeta0[45]",-0.35921746950125,-0.381081,-0.405841081130244,8806.5,0.95,-0.548992,-0.104257,NA,NA,NA,NA,NA,NA,NA
"zbeta0[46]",0.25918958847831,0.255614,0.247021095569413,19817.4,0.95,0.0848319,0.446685,NA,NA,NA,NA,NA,NA,NA
"zbeta0[47]",0.6231566724445,0.6205145,0.614674794865891,18657.4,0.95,0.240082,0.997494,NA,NA,NA,NA,NA,NA,NA
"zbeta0[48]",1.23654600955,1.22208,1.21014735935913,13205.5,0.95,1.00603,1.53505,NA,NA,NA,NA,NA,NA,NA
"zbeta0[49]",0.6553473794875,0.636804,0.609878334395156,8771.2,0.95,0.339304,1.03505,NA,NA,NA,NA,NA,NA,NA
"zbeta0[50]",-0.28910426371402,-0.2856485,-0.267017082697163,18028.4,0.95,-0.579938,0.00671402,NA,NA,NA,NA,NA,NA,NA
"zbeta0[51]",0.561798967745,0.5524515,0.552700398889277,9453.2,0.95,0.326148,0.839571,NA,NA,NA,NA,NA,NA,NA
"zbeta0[52]",0.6753454314645,0.6774825,0.682988979475129,18977.8,0.95,0.331391,1.0362,NA,NA,NA,NA,NA,NA,NA
"zbeta1[1]",0.041566287543665,0.0369834,0.0320699499485426,17833.7,0.95,-0.129016,0.228565,NA,NA,NA,NA,NA,NA,NA
"zbeta1[2]",0.11074135634945,0.1114715,0.121923287288816,20000,0.95,-0.105905,0.339119,NA,NA,NA,NA,NA,NA,NA
"zbeta1[3]",-0.041028593134733,-0.04028485,-0.0394156201866652,17639,0.95,-0.223082,0.140986,NA,NA,NA,NA,NA,NA,NA
"zbeta1[4]",0.0895782802099899,0.0907586,0.0984663325834864,19279.8,0.95,-0.0940719,0.268326,NA,NA,NA,NA,NA,NA,NA
"zbeta1[5]",0.0178578011179345,0.01435605,0.155879476895285,3074.6,0.95,-0.199209,0.223697,NA,NA,NA,NA,NA,NA,NA
"zbeta1[6]",-0.005258900861563,-0.009529465,-0.00856634052972693,16533.4,0.95,-0.185783,0.173727,NA,NA,NA,NA,NA,NA,NA
"zbeta1[7]",0.36730468257525,0.367059,0.369116498504891,12408.8,0.95,0.0986537,0.646921,NA,NA,NA,NA,NA,NA,NA
"zbeta1[8]",0.229205889965445,0.230792,0.241995578117683,16729.7,0.95,-0.0290225,0.484732,NA,NA,NA,NA,NA,NA,NA
"zbeta1[9]",0.06925267038925,0.0722368,0.0811546473969893,19216.1,0.95,-0.236938,0.378478,NA,NA,NA,NA,NA,NA,NA
"zbeta1[10]",0.122088298729765,0.127483,0.138843243137718,6953.3,0.95,-0.0483611,0.280781,NA,NA,NA,NA,NA,NA,NA
"zbeta1[11]",0.068262268093354,0.071663,0.0751958324275385,18134.6,0.95,-0.102221,0.239652,NA,NA,NA,NA,NA,NA,NA
"zbeta1[12]",0.318256799128,0.3123575,0.309779319539399,15220.7,0.95,0.0252019,0.61875,NA,NA,NA,NA,NA,NA,NA
"zbeta1[13]",0.13753130890941,0.1407085,0.153304236808228,18699.6,0.95,-0.080452,0.349781,NA,NA,NA,NA,NA,NA,NA
"zbeta1[14]",0.110885357252175,0.1125315,0.106179350801518,15726.7,0.95,-0.0382384,0.25081,NA,NA,NA,NA,NA,NA,NA
"zbeta1[15]",0.194995520877635,0.19826,0.204818124496569,12242,0.95,0.038373,0.34078,NA,NA,NA,NA,NA,NA,NA
"zbeta1[16]",0.153748251374042,0.155789,0.162267113357793,18116.2,0.95,-0.00736849,0.311584,NA,NA,NA,NA,NA,NA,NA
"zbeta1[17]",0.066871787069185,0.06596945,0.060813440270258,18621.5,0.95,-0.112325,0.238718,NA,NA,NA,NA,NA,NA,NA
"zbeta1[18]",0.162640778862245,0.162994,0.171882967567198,14822.1,0.95,-0.02296,0.34788,NA,NA,NA,NA,NA,NA,NA
"zbeta1[19]",0.16435184237118,0.161917,0.157157265518756,17559.3,0.95,-0.0266436,0.350658,NA,NA,NA,NA,NA,NA,NA
"zbeta1[20]",0.2096546627527,0.2093835,0.221320074123974,16837.8,0.95,-0.0261079,0.440779,NA,NA,NA,NA,NA,NA,NA
"zbeta1[21]",0.3065596875531,0.3107935,0.31465613047567,14880.7,0.95,0.102671,0.499641,NA,NA,NA,NA,NA,NA,NA
"zbeta1[22]",0.4407185859193,0.4514205,0.472088699090611,14264.5,0.95,0.156765,0.676661,NA,NA,NA,NA,NA,NA,NA
"zbeta1[23]",0.078693367221146,0.07331245,0.0636266880989697,8696.1,0.95,-0.0586164,0.22518,NA,NA,NA,NA,NA,NA,NA
"zbeta1[24]",0.11164191255965,0.1060125,0.0878913141281797,14287,0.95,-0.0469197,0.281768,NA,NA,NA,NA,NA,NA,NA
"zbeta1[25]",0.0410292600212,0.04154415,0.0535848472778662,19313.2,0.95,-0.154006,0.241751,NA,NA,NA,NA,NA,NA,NA
"zbeta1[26]",0.189696754065615,0.1905495,0.183307439550485,15381.6,0.95,0.0371392,0.352553,NA,NA,NA,NA,NA,NA,NA
"zbeta1[27]",0.172753240605285,0.1736545,0.150301931234145,19001.6,0.95,-0.0648807,0.417042,NA,NA,NA,NA,NA,NA,NA
"zbeta1[28]",0.123532167530329,0.121334,0.100342095760424,17325.9,0.95,-0.0797382,0.32232,NA,NA,NA,NA,NA,NA,NA
"zbeta1[29]",0.153716842250849,0.154878,0.140330729458401,19423.6,0.95,-0.0904809,0.388669,NA,NA,NA,NA,NA,NA,NA
"zbeta1[30]",0.317392149618755,0.315549,0.320212444976655,15464.4,0.95,0.0403053,0.615646,NA,NA,NA,NA,NA,NA,NA
"zbeta1[31]",0.4187035590208,0.424257,0.430532860495244,12807.5,0.95,0.188016,0.633832,NA,NA,NA,NA,NA,NA,NA
"zbeta1[32]",0.0318462880859585,0.0315495,0.0211630166601747,19364.3,0.95,-0.169548,0.224561,NA,NA,NA,NA,NA,NA,NA
"zbeta1[33]",0.3509207662502,0.3595355,0.382232874444286,8308.7,0.95,0.1643,0.513077,NA,NA,NA,NA,NA,NA,NA
"zbeta1[34]",-0.00238239897580235,-0.004679375,-0.00972299352381784,16219.1,0.95,-0.137622,0.133478,NA,NA,NA,NA,NA,NA,NA
"zbeta1[35]",0.168946782193495,0.1691365,0.170105390809354,20000,0.95,-0.068138,0.388975,NA,NA,NA,NA,NA,NA,NA
"zbeta1[36]",0.148110777100985,0.1472465,0.139719537890486,12785.4,0.95,0.0157351,0.276978,NA,NA,NA,NA,NA,NA,NA
"zbeta1[37]",0.0504171989107795,0.0514013,0.0530237191437758,16486.7,0.95,-0.139672,0.230151,NA,NA,NA,NA,NA,NA,NA
"zbeta1[38]",0.09707158862912,0.09882725,0.0929260853651502,17204.1,0.95,-0.0896245,0.263721,NA,NA,NA,NA,NA,NA,NA
"zbeta1[39]",0.2328374178636,0.236222,0.247580908921731,9898.7,0.95,0.0869138,0.377953,NA,NA,NA,NA,NA,NA,NA
"zbeta1[40]",0.119870815921455,0.1211875,0.121569535797511,11385.5,0.95,-0.00907485,0.251466,NA,NA,NA,NA,NA,NA,NA
"zbeta1[41]",0.221929546029545,0.222769,0.222707265906237,18300,0.95,-0.0341404,0.457382,NA,NA,NA,NA,NA,NA,NA
"zbeta1[42]",0.0328514403963175,0.0301748,0.0198516895465759,16410.9,0.95,-0.147317,0.230912,NA,NA,NA,NA,NA,NA,NA
"zbeta1[43]",0.093876282061084,0.0909017,0.0901863510099689,20000,0.95,-0.120323,0.313534,NA,NA,NA,NA,NA,NA,NA
"zbeta1[44]",0.093443511047176,0.09375345,0.0963552939004891,17009.9,0.95,-0.0910236,0.263659,NA,NA,NA,NA,NA,NA,NA
"zbeta1[45]",-0.060918119580995,-0.05352105,-0.0400127885597049,15365.2,0.95,-0.198629,0.0431511,NA,NA,NA,NA,NA,NA,NA
"zbeta1[46]",0.386252379485,0.397444,0.435552972870107,12880.1,0.95,0.182901,0.565977,NA,NA,NA,NA,NA,NA,NA
"zbeta1[47]",0.171319357515945,0.171423,0.1753223057537,19277.3,0.95,-0.0487511,0.40097,NA,NA,NA,NA,NA,NA,NA
"zbeta1[48]",0.3441929163305,0.348391,0.371004571062952,12770,0.95,0.145952,0.54004,NA,NA,NA,NA,NA,NA,NA
"zbeta1[49]",0.011558265042283,0.0112861,0.0129101407433059,13728.6,0.95,-0.178613,0.217338,NA,NA,NA,NA,NA,NA,NA
"zbeta1[50]",0.216642588849845,0.216799,0.208365639147017,15832.8,0.95,0.00963371,0.433028,NA,NA,NA,NA,NA,NA,NA
"zbeta1[51]",0.10110909406591,0.0971029,0.0914383752428446,15411.7,0.95,-0.0361407,0.244705,NA,NA,NA,NA,NA,NA,NA
"zbeta1[52]",0.12966686025197,0.1295545,0.111551915104545,20000,0.95,-0.09474,0.374018,NA,NA,NA,NA,NA,NA,NA
"zbeta2[1]",-0.3982949286255,-0.397694,-0.390229485253069,11844,0.95,-0.596882,-0.210012,NA,NA,NA,NA,NA,NA,NA
"zbeta2[2]",-0.36648567493,-0.367413,-0.386623373575836,20383.2,0.95,-0.589202,-0.144997,NA,NA,NA,NA,NA,NA,NA
"zbeta2[3]",-0.25493054891785,-0.2543755,-0.256479428490894,13580,0.95,-0.432373,-0.0818542,NA,NA,NA,NA,NA,NA,NA
"zbeta2[4]",-0.28194814458935,-0.2794345,-0.273911443823108,16741.3,0.95,-0.450795,-0.111509,NA,NA,NA,NA,NA,NA,NA
"zbeta2[5]",-0.228065230755295,-0.2302865,-0.219342346654732,3280.4,0.95,-0.412641,-0.0231965,NA,NA,NA,NA,NA,NA,NA
"zbeta2[6]",-0.365679547285,-0.3597605,-0.352710418126984,13390.3,0.95,-0.56583,-0.177075,NA,NA,NA,NA,NA,NA,NA
"zbeta2[7]",-0.53000341808,-0.5233655,-0.511171734273135,10774.6,0.95,-0.785789,-0.295135,NA,NA,NA,NA,NA,NA,NA
"zbeta2[8]",-0.42667877273845,-0.426591,-0.423886769706574,18008.7,0.95,-0.645842,-0.201195,NA,NA,NA,NA,NA,NA,NA
"zbeta2[9]",-0.338342455038525,-0.340725,-0.335364870342968,19465.4,0.95,-0.634242,-0.0393829,NA,NA,NA,NA,NA,NA,NA
"zbeta2[10]",-0.2754853713101,-0.271765,-0.282272821436309,4638.4,0.95,-0.459253,-0.0964258,NA,NA,NA,NA,NA,NA,NA
"zbeta2[11]",-0.303295394776,-0.2946755,-0.280222942900022,10592.3,0.95,-0.484518,-0.139752,NA,NA,NA,NA,NA,NA,NA
"zbeta2[12]",-0.432390017412,-0.4338145,-0.430601577563153,17004,0.95,-0.639727,-0.20704,NA,NA,NA,NA,NA,NA,NA
"zbeta2[13]",-0.28594162194795,-0.285031,-0.288134949773986,16457.1,0.95,-0.48191,-0.0905663,NA,NA,NA,NA,NA,NA,NA
"zbeta2[14]",-0.429651689,-0.4277135,-0.424640988998901,11549.7,0.95,-0.570557,-0.296501,NA,NA,NA,NA,NA,NA,NA
"zbeta2[15]",-0.370811211415,-0.3631645,-0.349064952219449,6996.2,0.95,-0.53457,-0.21816,NA,NA,NA,NA,NA,NA,NA
"zbeta2[16]",-0.382907394685,-0.3776575,-0.363010719255141,12408,0.95,-0.558401,-0.226501,NA,NA,NA,NA,NA,NA,NA
"zbeta2[17]",-0.438907501665,-0.43982,-0.444286768635275,17203.4,0.95,-0.59658,-0.28079,NA,NA,NA,NA,NA,NA,NA
"zbeta2[18]",-0.40052048535,-0.3964075,-0.401551905442715,9475.9,0.95,-0.587877,-0.234115,NA,NA,NA,NA,NA,NA,NA
"zbeta2[19]",-0.469965821885,-0.4676745,-0.470282507644279,11753,0.95,-0.657669,-0.287595,NA,NA,NA,NA,NA,NA,NA
"zbeta2[20]",-0.45006484123,-0.449268,-0.451524365825625,14941.9,0.95,-0.666917,-0.2501,NA,NA,NA,NA,NA,NA,NA
"zbeta2[21]",-0.4714651187405,-0.4685755,-0.471095831443093,12182,0.95,-0.674108,-0.28256,NA,NA,NA,NA,NA,NA,NA
"zbeta2[22]",-0.64220685507,-0.6349935,-0.599390738108653,10059.2,0.95,-0.909317,-0.37737,NA,NA,NA,NA,NA,NA,NA
"zbeta2[23]",-0.50788471625,-0.502862,-0.492284865757467,4785.8,0.95,-0.664057,-0.36819,NA,NA,NA,NA,NA,NA,NA
"zbeta2[24]",-0.58937069855,-0.589401,-0.592769307014975,10625.9,0.95,-0.74611,-0.438244,NA,NA,NA,NA,NA,NA,NA
"zbeta2[25]",-0.3226954555296,-0.318694,-0.314022332053606,15126.3,0.95,-0.527918,-0.131515,NA,NA,NA,NA,NA,NA,NA
"zbeta2[26]",-0.43543059866,-0.436257,-0.443676772251005,10099,0.95,-0.594064,-0.278344,NA,NA,NA,NA,NA,NA,NA
"zbeta2[27]",-0.332167885117135,-0.3326005,-0.335636336715949,16786.2,0.95,-0.548138,-0.124056,NA,NA,NA,NA,NA,NA,NA
"zbeta2[28]",-0.44841304065,-0.4495385,-0.450507235772178,16395.1,0.95,-0.611586,-0.285368,NA,NA,NA,NA,NA,NA,NA
"zbeta2[29]",-0.25408050615638,-0.2542345,-0.256492918921146,16311.9,0.95,-0.475866,-0.0361863,NA,NA,NA,NA,NA,NA,NA
"zbeta2[30]",-0.569393851571,-0.572923,-0.570827056069204,14819.7,0.95,-0.83022,-0.299235,NA,NA,NA,NA,NA,NA,NA
"zbeta2[31]",-0.66519043465,-0.663571,-0.656335423488037,10863.8,0.95,-0.893664,-0.444218,NA,NA,NA,NA,NA,NA,NA
"zbeta2[32]",-0.197465866140327,-0.1929235,-0.182990898114695,15742.8,0.95,-0.422835,0.00209199,NA,NA,NA,NA,NA,NA,NA
"zbeta2[33]",-0.44472427128,-0.4331125,-0.413732576049392,6543.5,0.95,-0.637946,-0.286634,NA,NA,NA,NA,NA,NA,NA
"zbeta2[34]",-0.32845523612,-0.319658,-0.291402329564124,8144.1,0.95,-0.495714,-0.183023,NA,NA,NA,NA,NA,NA,NA
"zbeta2[35]",-0.451566096737,-0.4504495,-0.440957293011238,17222.6,0.95,-0.662769,-0.243605,NA,NA,NA,NA,NA,NA,NA
"zbeta2[36]",-0.44402251105,-0.4351565,-0.410781293027134,6474.8,0.95,-0.615547,-0.296152,NA,NA,NA,NA,NA,NA,NA
"zbeta2[37]",-0.289561237343,-0.2863735,-0.27376997515452,11747.7,0.95,-0.470152,-0.107506,NA,NA,NA,NA,NA,NA,NA
"zbeta2[38]",-0.3022882109235,-0.298586,-0.292009405885608,12842.6,0.95,-0.472983,-0.135627,NA,NA,NA,NA,NA,NA,NA
"zbeta2[39]",-0.59437269105,-0.5925765,-0.587772800406291,7809,0.95,-0.740305,-0.466053,NA,NA,NA,NA,NA,NA,NA
"zbeta2[40]",-0.2268677546495,-0.224171,-0.218250928566794,9520.8,0.95,-0.347684,-0.114729,NA,NA,NA,NA,NA,NA,NA
"zbeta2[41]",-0.486091846473,-0.485898,-0.489176698386135,17841.3,0.95,-0.716558,-0.240714,NA,NA,NA,NA,NA,NA,NA
"zbeta2[42]",-0.323169134504665,-0.3270335,-0.339265960738237,10728,0.95,-0.502417,-0.121167,NA,NA,NA,NA,NA,NA,NA
"zbeta2[43]",-0.4142724420715,-0.4142455,-0.413949168133805,20000,0.95,-0.607184,-0.221007,NA,NA,NA,NA,NA,NA,NA
"zbeta2[44]",-0.368010366285,-0.3655975,-0.353413974011691,13484,0.95,-0.538523,-0.19252,NA,NA,NA,NA,NA,NA,NA
"zbeta2[45]",-0.22560990393385,-0.2167285,-0.202205906909666,8875.9,0.95,-0.36557,-0.109839,NA,NA,NA,NA,NA,NA,NA
"zbeta2[46]",-0.19233906046764,-0.1842915,-0.168211985931009,12519.4,0.95,-0.370764,-0.0383969,NA,NA,NA,NA,NA,NA,NA
"zbeta2[47]",-0.416992096281,-0.4167645,-0.414874398906342,17350.3,0.95,-0.634326,-0.199105,NA,NA,NA,NA,NA,NA,NA
"zbeta2[48]",-0.37911245077,-0.372689,-0.354797739872582,10364.9,0.95,-0.582986,-0.197861,NA,NA,NA,NA,NA,NA,NA
"zbeta2[49]",-0.380947376041,-0.379254,-0.37701031859719,10165.5,0.95,-0.565618,-0.200848,NA,NA,NA,NA,NA,NA,NA
"zbeta2[50]",-0.423967946854,-0.423385,-0.42390826636151,15254.5,0.95,-0.608328,-0.238285,NA,NA,NA,NA,NA,NA,NA
"zbeta2[51]",-0.49901304135,-0.493623,-0.485595277961493,9141.9,0.95,-0.667368,-0.343638,NA,NA,NA,NA,NA,NA,NA
"zbeta2[52]",-0.3434945499275,-0.3436485,-0.354189561796354,18829.1,0.95,-0.561625,-0.135071,NA,NA,NA,NA,NA,NA,NA
"zbeta0mu",0.347188598088025,0.346085,0.334571404553978,16994.1,0.95,0.0858946,0.609635,NA,NA,NA,NA,NA,NA,NA
"zbeta1mu",0.151571567255,0.1509675,0.149364454615445,11833.9,0.95,0.0932172,0.212986,NA,NA,NA,NA,NA,NA,NA
"zbeta2mu",-0.3921641673,-0.3915405,-0.389371830131177,7363.3,0.95,-0.453245,-0.334478,NA,NA,NA,NA,NA,NA,NA
"sigma",3564.915669,3513.825,3452.9346688194,5280.7,0.95,2420.99,4752.54,NA,NA,NA,NA,NA,NA,NA
"nu",2.2225214226,2.0719,1.94272215133241,5158.3,0.95,1.25127,3.58758,NA,NA,NA,NA,NA,NA,NA
"zsigma",0.2412900101,0.237832,0.233710364277518,5280.7,0.95,0.163864,0.321674,NA,NA,NA,NA,NA,NA,NA
"zbeta0sigma",0.9268182567,0.919001,0.904642285367067,19111.1,0.95,0.750945,1.13267,NA,NA,NA,NA,NA,NA,NA
"zbeta1sigma",0.1588968697,0.157506,0.153341276397692,9610.5,0.95,0.104836,0.217912,NA,NA,NA,NA,NA,NA,NA
"zbeta2sigma",0.149165505785,0.1477685,0.144547199798259,7259.2,0.95,0.0989599,0.201834,NA,NA,NA,NA,NA,NA,NA
