"g1id","g2id","y","ix1","ix2","g1x","g2x"
1,1,4,4,4,5,1
1,1,4,5,4,5,1
1,1,3,5,3,5,1
1,1,4,4,3,5,1
1,1,3,4,4,5,1
1,1,4,3,4,5,1
1,1,3,4,3,5,1
1,1,4,4,4,5,1
1,1,5,4,4,5,1
1,1,4,3,4,5,1
1,1,3,4,4,5,1
1,1,3,3,4,5,1
1,1,3,4,3,5,1
1,1,3,4,3,5,1
1,1,4,4,4,5,1
1,1,3,5,5,5,1
1,1,4,3,3,5,1
1,1,4,4,4,5,1
1,1,4,3,3,5,1
1,1,4,4,4,5,1
1,1,4,5,3,5,1
1,1,4,5,5,5,1
1,1,4,4,3,5,1
1,1,3,4,3,5,1
1,1,3,5,4,5,1
1,1,3,4,5,5,1
1,1,3,4,3,5,1
1,1,3,4,3,5,1
1,1,3,5,4,5,1
1,1,3,3,2,5,1
1,1,4,5,4,5,1
1,1,3,3,4,5,1
1,1,4,6,4,5,1
1,1,4,5,3,5,1
1,1,4,4,4,5,1
1,1,4,4,3,5,1
1,1,4,5,4,5,1
1,1,4,4,3,5,1
1,1,3,4,4,5,1
1,1,3,4,3,5,1
1,1,5,4,3,5,1
1,1,3,3,4,5,1
1,1,4,4,4,5,1
1,1,3,5,4,5,1
1,1,3,2,4,5,1
1,1,2,3,3,5,1
1,1,4,4,4,5,1
1,1,4,5,3,5,1
1,1,4,4,5,5,1
1,1,3,4,3,5,1
2,1,3,5,4,4,1
2,1,2,4,3,4,1
2,1,3,4,4,4,1
2,1,4,3,5,4,1
2,1,3,5,3,4,1
2,1,3,5,3,4,1
2,1,3,4,5,4,1
2,1,3,5,4,4,1
2,1,3,3,7,4,1
2,1,3,3,3,4,1
2,1,4,4,5,4,1
2,1,2,4,3,4,1
2,1,2,4,4,4,1
2,1,3,3,4,4,1
2,1,3,5,4,4,1
2,1,3,4,4,4,1
2,1,2,4,4,4,1
2,1,3,4,3,4,1
2,1,3,5,5,4,1
2,1,4,4,5,4,1
2,1,4,4,2,4,1
2,1,3,4,4,4,1
2,1,3,3,3,4,1
2,1,2,5,3,4,1
2,1,3,4,4,4,1
2,1,3,3,4,4,1
2,1,3,4,4,4,1
2,1,3,4,3,4,1
2,1,4,4,5,4,1
2,1,3,3,4,4,1
2,1,3,3,4,4,1
2,1,3,4,2,4,1
2,1,3,4,4,4,1
2,1,3,4,3,4,1
2,1,3,5,2,4,1
2,1,4,4,4,4,1
2,1,4,4,3,4,1
2,1,3,3,3,4,1
2,1,3,5,3,4,1
2,1,2,5,2,4,1
2,1,3,3,5,4,1
2,1,2,4,3,4,1
2,1,3,4,4,4,1
2,1,3,4,4,4,1
2,1,3,5,5,4,1
2,1,4,4,5,4,1
2,1,4,5,4,4,1
2,1,3,4,4,4,1
2,1,3,4,3,4,1
2,1,2,4,5,4,1
3,1,3,3,3,7,1
3,1,4,3,5,7,1
3,1,4,4,2,7,1
3,1,4,5,5,7,1
3,1,3,3,2,7,1
3,1,4,5,4,7,1
3,1,3,5,3,7,1
3,1,4,4,4,7,1
3,1,4,4,4,7,1
3,1,4,4,4,7,1
3,1,4,5,6,7,1
3,1,4,4,4,7,1
3,1,4,4,4,7,1
3,1,4,4,3,7,1
3,1,4,4,3,7,1
3,1,4,5,4,7,1
3,1,4,4,3,7,1
3,1,4,4,5,7,1
3,1,4,4,3,7,1
3,1,4,5,4,7,1
3,1,3,3,3,7,1
3,1,4,6,3,7,1
3,1,3,5,3,7,1
3,1,3,4,3,7,1
3,1,3,5,4,7,1
3,1,2,5,3,7,1
3,1,4,5,4,7,1
3,1,4,5,5,7,1
3,1,4,6,3,7,1
3,1,4,5,5,7,1
3,1,4,4,4,7,1
3,1,4,3,4,7,1
3,1,4,4,5,7,1
3,1,4,5,4,7,1
3,1,4,4,3,7,1
3,1,4,4,3,7,1
3,1,3,4,5,7,1
3,1,4,5,5,7,1
3,1,3,5,4,7,1
3,1,3,4,4,7,1
3,1,4,5,5,7,1
3,1,4,3,5,7,1
3,1,3,4,3,7,1
3,1,4,2,3,7,1
3,1,5,4,5,7,1
3,1,3,4,3,7,1
3,1,3,4,3,7,1
3,1,4,3,5,7,1
3,1,3,5,3,7,1
3,1,3,3,3,7,1
4,1,4,5,4,1,1
4,1,5,4,3,1,1
4,1,5,5,4,1,1
4,1,5,5,4,1,1
4,1,4,5,4,1,1
4,1,4,3,4,1,1
4,1,5,4,4,1,1
4,1,5,4,3,1,1
4,1,5,5,3,1,1
4,1,4,5,5,1,1
4,1,5,4,3,1,1
4,1,5,5,5,1,1
4,1,4,4,3,1,1
4,1,5,5,3,1,1
4,1,5,5,4,1,1
4,1,4,3,4,1,1
4,1,3,5,4,1,1
4,1,5,5,4,1,1
4,1,4,4,3,1,1
4,1,4,4,5,1,1
4,1,5,5,4,1,1
4,1,5,4,3,1,1
4,1,5,5,3,1,1
4,1,5,4,5,1,1
4,1,5,4,3,1,1
4,1,5,4,2,1,1
4,1,5,4,4,1,1
4,1,5,6,3,1,1
4,1,4,3,3,1,1
4,1,4,4,4,1,1
4,1,4,4,3,1,1
4,1,4,4,4,1,1
4,1,4,4,4,1,1
4,1,4,4,4,1,1
4,1,4,3,5,1,1
4,1,5,4,5,1,1
4,1,5,4,5,1,1
4,1,5,4,4,1,1
4,1,4,3,4,1,1
4,1,4,3,3,1,1
4,1,5,4,4,1,1
4,1,5,4,5,1,1
4,1,6,4,2,1,1
4,1,4,5,4,1,1
4,1,4,6,3,1,1
4,1,5,3,2,1,1
4,1,6,4,3,1,1
4,1,4,5,5,1,1
4,1,5,4,5,1,1
4,1,4,5,4,1,1
5,1,4,5,3,5,1
5,1,5,4,5,5,1
5,1,5,4,4,5,1
5,1,4,4,4,5,1
5,1,4,5,4,5,1
5,1,5,4,5,5,1
5,1,5,5,3,5,1
5,1,4,6,1,5,1
5,1,5,5,3,5,1
5,1,4,5,4,5,1
5,1,4,4,3,5,1
5,1,4,5,4,5,1
5,1,5,3,3,5,1
5,1,5,3,2,5,1
5,1,5,5,4,5,1
5,1,4,4,3,5,1
5,1,4,5,3,5,1
5,1,4,4,4,5,1
5,1,4,5,3,5,1
5,1,4,4,4,5,1
5,1,4,4,4,5,1
5,1,4,4,3,5,1
5,1,4,4,3,5,1
5,1,5,4,3,5,1
5,1,3,4,3,5,1
5,1,4,4,3,5,1
5,1,5,5,3,5,1
5,1,4,5,4,5,1
5,1,4,4,3,5,1
5,1,4,5,4,5,1
5,1,4,5,5,5,1
5,1,5,3,4,5,1
5,1,4,3,4,5,1
5,1,4,4,3,5,1
5,1,5,4,3,5,1
5,1,4,5,4,5,1
5,1,5,2,3,5,1
5,1,4,4,4,5,1
5,1,5,4,4,5,1
5,1,4,3,4,5,1
5,1,5,3,3,5,1
5,1,5,5,4,5,1
5,1,4,4,3,5,1
5,1,4,4,3,5,1
5,1,4,3,4,5,1
5,1,5,3,4,5,1
5,1,4,4,4,5,1
5,1,4,6,4,5,1
5,1,4,5,4,5,1
5,1,4,5,4,5,1
6,1,5,5,3,3,1
6,1,4,4,3,3,1
6,1,5,5,4,3,1
6,1,5,4,3,3,1
6,1,4,5,3,3,1
6,1,5,6,3,3,1
6,1,4,3,2,3,1
6,1,4,5,3,3,1
6,1,5,2,3,3,1
6,1,4,4,5,3,1
6,1,4,4,4,3,1
6,1,3,3,3,3,1
6,1,5,5,4,3,1
6,1,4,4,3,3,1
6,1,4,5,2,3,1
6,1,5,3,4,3,1
6,1,5,4,4,3,1
6,1,4,5,3,3,1
6,1,5,5,4,3,1
6,1,5,5,2,3,1
6,1,3,4,5,3,1
6,1,4,4,3,3,1
6,1,4,4,3,3,1
6,1,4,5,4,3,1
6,1,4,3,2,3,1
6,1,4,5,2,3,1
6,1,5,3,5,3,1
6,1,5,5,3,3,1
6,1,4,3,2,3,1
6,1,5,3,4,3,1
6,1,4,5,3,3,1
6,1,4,5,4,3,1
6,1,4,4,4,3,1
6,1,4,3,4,3,1
6,1,5,4,2,3,1
6,1,4,5,4,3,1
6,1,5,4,4,3,1
6,1,4,6,5,3,1
6,1,5,5,3,3,1
6,1,4,4,2,3,1
6,1,5,2,5,3,1
6,1,4,6,4,3,1
6,1,4,4,3,3,1
6,1,4,5,3,3,1
6,1,5,5,3,3,1
6,1,4,3,5,3,1
6,1,5,3,5,3,1
6,1,5,6,5,3,1
6,1,4,5,3,3,1
6,1,4,4,4,3,1
7,2,5,5,4,3,0
7,2,4,4,3,3,0
7,2,4,3,3,3,0
7,2,5,3,3,3,0
7,2,5,5,4,3,0
7,2,5,4,2,3,0
7,2,4,3,3,3,0
7,2,5,6,3,3,0
7,2,4,4,4,3,0
7,2,5,4,4,3,0
7,2,6,3,4,3,0
7,2,5,3,4,3,0
7,2,5,5,5,3,0
7,2,5,4,3,3,0
7,2,4,3,3,3,0
7,2,5,5,2,3,0
7,2,4,3,3,3,0
7,2,4,4,4,3,0
7,2,5,4,4,3,0
7,2,5,4,3,3,0
7,2,7,6,4,3,0
7,2,5,3,1,3,0
7,2,5,4,4,3,0
7,2,4,4,4,3,0
7,2,4,5,3,3,0
7,2,6,5,4,3,0
7,2,5,4,4,3,0
7,2,5,4,3,3,0
7,2,5,3,2,3,0
7,2,5,4,3,3,0
7,2,5,6,3,3,0
7,2,5,4,5,3,0
7,2,5,5,2,3,0
7,2,5,4,3,3,0
7,2,5,5,3,3,0
7,2,5,4,2,3,0
7,2,4,3,3,3,0
7,2,6,4,4,3,0
7,2,5,3,2,3,0
7,2,5,5,5,3,0
7,2,5,5,2,3,0
7,2,4,5,3,3,0
7,2,6,3,5,3,0
7,2,5,4,5,3,0
7,2,5,5,3,3,0
7,2,5,6,3,3,0
7,2,4,5,4,3,0
7,2,5,6,3,3,0
7,2,5,4,2,3,0
7,2,5,3,4,3,0
8,2,5,4,5,7,0
8,2,3,4,4,7,0
8,2,4,3,4,7,0
8,2,3,4,2,7,0
8,2,4,5,3,7,0
8,2,5,5,3,7,0
8,2,3,4,4,7,0
8,2,4,5,4,7,0
8,2,4,5,4,7,0
8,2,4,4,3,7,0
8,2,4,3,3,7,0
8,2,4,4,5,7,0
8,2,4,4,4,7,0
8,2,3,4,3,7,0
8,2,4,4,3,7,0
8,2,3,4,3,7,0
8,2,3,4,4,7,0
8,2,4,4,3,7,0
8,2,3,4,3,7,0
8,2,3,3,4,7,0
8,2,3,4,4,7,0
8,2,4,3,3,7,0
8,2,5,5,5,7,0
8,2,4,4,4,7,0
8,2,5,4,5,7,0
8,2,3,4,3,7,0
8,2,4,4,4,7,0
8,2,4,4,4,7,0
8,2,3,3,4,7,0
8,2,4,3,4,7,0
8,2,4,4,4,7,0
8,2,4,5,3,7,0
8,2,4,4,3,7,0
8,2,4,4,4,7,0
8,2,5,4,5,7,0
8,2,4,5,4,7,0
8,2,3,4,4,7,0
8,2,4,5,5,7,0
8,2,4,5,5,7,0
8,2,4,5,4,7,0
8,2,4,4,4,7,0
8,2,5,4,4,7,0
8,2,5,5,5,7,0
8,2,4,5,4,7,0
8,2,3,4,4,7,0
8,2,4,4,4,7,0
8,2,4,3,4,7,0
8,2,4,4,5,7,0
8,2,4,5,4,7,0
8,2,4,4,4,7,0
9,2,4,4,5,1,0
9,2,4,3,4,1,0
9,2,3,3,4,1,0
9,2,5,4,4,1,0
9,2,4,4,3,1,0
9,2,3,3,6,1,0
9,2,4,5,5,1,0
9,2,5,5,3,1,0
9,2,3,4,5,1,0
9,2,5,4,5,1,0
9,2,4,4,3,1,0
9,2,4,4,3,1,0
9,2,4,5,4,1,0
9,2,3,3,3,1,0
9,2,4,4,3,1,0
9,2,4,5,2,1,0
9,2,5,5,4,1,0
9,2,4,5,4,1,0
9,2,4,5,6,1,0
9,2,4,3,3,1,0
9,2,4,4,4,1,0
9,2,4,4,2,1,0
9,2,5,4,2,1,0
9,2,5,4,5,1,0
9,2,5,5,5,1,0
9,2,3,3,3,1,0
9,2,4,3,3,1,0
9,2,3,4,4,1,0
9,2,5,4,4,1,0
9,2,4,5,3,1,0
9,2,4,7,4,1,0
9,2,4,4,4,1,0
9,2,4,5,4,1,0
9,2,4,4,5,1,0
9,2,4,5,4,1,0
9,2,4,5,4,1,0
9,2,5,3,4,1,0
9,2,5,3,5,1,0
9,2,4,4,4,1,0
9,2,5,6,3,1,0
9,2,4,4,4,1,0
9,2,4,3,3,1,0
9,2,4,3,4,1,0
9,2,5,3,4,1,0
9,2,4,4,3,1,0
9,2,3,3,3,1,0
9,2,5,3,3,1,0
9,2,5,5,3,1,0
9,2,4,4,4,1,0
9,2,5,4,3,1,0
10,2,5,5,4,4,0
10,2,6,5,3,4,0
10,2,5,4,3,4,0
10,2,5,5,3,4,0
10,2,6,5,4,4,0
10,2,5,4,6,4,0
10,2,5,5,4,4,0
10,2,5,4,3,4,0
10,2,5,3,5,4,0
10,2,4,4,4,4,0
10,2,6,4,4,4,0
10,2,5,2,2,4,0
10,2,5,6,5,4,0
10,2,5,4,4,4,0
10,2,5,3,4,4,0
10,2,5,3,4,4,0
10,2,5,4,4,4,0
10,2,5,3,6,4,0
10,2,5,5,4,4,0
10,2,5,3,4,4,0
10,2,6,3,3,4,0
10,2,4,4,4,4,0
10,2,5,3,4,4,0
10,2,5,3,4,4,0
10,2,6,4,3,4,0
10,2,6,5,4,4,0
10,2,5,4,3,4,0
10,2,5,4,3,4,0
10,2,6,5,5,4,0
10,2,5,5,4,4,0
10,2,5,4,5,4,0
10,2,6,4,3,4,0
10,2,5,3,4,4,0
10,2,5,5,4,4,0
10,2,6,3,5,4,0
10,2,5,5,4,4,0
10,2,5,4,3,4,0
10,2,6,5,3,4,0
10,2,5,5,5,4,0
10,2,4,5,2,4,0
10,2,5,4,4,4,0
10,2,5,4,3,4,0
10,2,5,4,3,4,0
10,2,5,4,4,4,0
10,2,5,5,4,4,0
10,2,4,5,3,4,0
10,2,5,5,4,4,0
10,2,5,4,1,4,0
10,2,5,5,3,4,0
10,2,5,4,4,4,0
11,2,5,4,4,1,0
11,2,4,3,5,1,0
11,2,5,5,4,1,0
11,2,4,4,3,1,0
11,2,5,4,3,1,0
11,2,4,5,4,1,0
11,2,5,3,2,1,0
11,2,4,4,2,1,0
11,2,4,5,4,1,0
11,2,5,4,4,1,0
11,2,4,4,4,1,0
11,2,5,4,5,1,0
11,2,5,3,4,1,0
11,2,4,2,3,1,0
11,2,4,3,4,1,0
11,2,4,4,4,1,0
11,2,4,5,4,1,0
11,2,5,5,5,1,0
11,2,4,5,3,1,0
11,2,5,4,5,1,0
11,2,5,4,5,1,0
11,2,4,3,3,1,0
11,2,5,3,4,1,0
11,2,4,4,3,1,0
11,2,5,4,6,1,0
11,2,4,3,4,1,0
11,2,4,5,3,1,0
11,2,5,5,4,1,0
11,2,5,5,4,1,0
11,2,4,5,3,1,0
11,2,4,4,4,1,0
11,2,5,5,3,1,0
11,2,5,4,4,1,0
11,2,5,5,3,1,0
11,2,4,3,3,1,0
11,2,4,6,5,1,0
11,2,4,3,4,1,0
11,2,4,4,4,1,0
11,2,5,6,3,1,0
11,2,4,5,3,1,0
11,2,5,4,5,1,0
11,2,4,3,4,1,0
11,2,4,5,3,1,0
11,2,5,5,4,1,0
11,2,5,4,3,1,0
11,2,5,3,4,1,0
11,2,4,4,4,1,0
11,2,4,5,2,1,0
11,2,4,3,4,1,0
11,2,5,5,5,1,0
12,2,3,4,3,5,0
12,2,3,4,4,5,0
12,2,4,4,5,5,0
12,2,3,6,2,5,0
12,2,4,5,4,5,0
12,2,4,4,3,5,0
12,2,3,5,3,5,0
12,2,4,3,4,5,0
12,2,4,3,3,5,0
12,2,3,4,4,5,0
12,2,4,4,5,5,0
12,2,4,3,3,5,0
12,2,4,5,4,5,0
12,2,3,3,4,5,0
12,2,4,4,4,5,0
12,2,3,5,3,5,0
12,2,2,4,2,5,0
12,2,4,3,4,5,0
12,2,3,5,2,5,0
12,2,3,4,4,5,0
12,2,3,4,4,5,0
12,2,4,3,3,5,0
12,2,4,5,4,5,0
12,2,3,4,4,5,0
12,2,3,3,4,5,0
12,2,4,3,4,5,0
12,2,3,4,5,5,0
12,2,5,2,4,5,0
12,2,3,3,3,5,0
12,2,4,5,4,5,0
12,2,4,4,3,5,0
12,2,4,4,4,5,0
12,2,3,5,3,5,0
12,2,3,3,3,5,0
12,2,4,6,3,5,0
12,2,4,4,4,5,0
12,2,3,4,5,5,0
12,2,3,4,3,5,0
12,2,4,5,4,5,0
12,2,5,6,5,5,0
12,2,4,5,4,5,0
12,2,3,4,3,5,0
12,2,4,5,3,5,0
12,2,3,4,3,5,0
12,2,4,3,5,5,0
12,2,3,5,3,5,0
12,2,4,5,3,5,0
12,2,3,5,2,5,0
12,2,3,3,3,5,0
12,2,3,4,3,5,0
13,2,5,3,4,4,0
13,2,3,5,4,4,0
13,2,5,5,3,4,0
13,2,4,5,4,4,0
13,2,4,3,3,4,0
13,2,4,6,3,4,0
13,2,4,4,4,4,0
13,2,5,3,4,4,0
13,2,5,5,4,4,0
13,2,4,3,4,4,0
13,2,4,3,2,4,0
13,2,5,5,3,4,0
13,2,4,5,3,4,0
13,2,5,5,5,4,0
13,2,4,4,3,4,0
13,2,5,4,3,4,0
13,2,4,4,3,4,0
13,2,4,2,3,4,0
13,2,4,4,4,4,0
13,2,5,4,3,4,0
13,2,5,3,3,4,0
13,2,5,5,3,4,0
13,2,4,4,3,4,0
13,2,4,6,3,4,0
13,2,5,3,4,4,0
13,2,4,4,3,4,0
13,2,4,4,3,4,0
13,2,5,4,3,4,0
13,2,5,4,4,4,0
13,2,5,5,3,4,0
13,2,5,4,5,4,0
13,2,5,5,4,4,0
13,2,3,3,3,4,0
13,2,4,5,4,4,0
13,2,5,4,3,4,0
13,2,5,4,3,4,0
13,2,5,4,2,4,0
13,2,5,6,3,4,0
13,2,4,4,2,4,0
13,2,5,5,4,4,0
13,2,3,4,3,4,0
13,2,5,3,4,4,0
13,2,4,4,3,4,0
13,2,4,4,3,4,0
13,2,4,4,4,4,0
13,2,3,4,5,4,0
13,2,4,3,3,4,0
13,2,5,3,4,4,0
13,2,4,4,4,4,0
13,2,5,5,5,4,0
14,2,3,4,2,7,0
14,2,4,3,3,7,0
14,2,5,5,4,7,0
14,2,4,4,4,7,0
14,2,4,4,4,7,0
14,2,3,5,3,7,0
14,2,4,5,4,7,0
14,2,4,4,3,7,0
14,2,5,5,4,7,0
14,2,5,4,3,7,0
14,2,4,3,3,7,0
14,2,4,6,2,7,0
14,2,4,5,3,7,0
14,2,3,4,3,7,0
14,2,3,3,2,7,0
14,2,3,4,4,7,0
14,2,5,3,5,7,0
14,2,4,6,4,7,0
14,2,4,4,4,7,0
14,2,3,4,3,7,0
14,2,5,4,5,7,0
14,2,3,3,4,7,0
14,2,4,3,5,7,0
14,2,4,4,4,7,0
14,2,4,4,3,7,0
14,2,3,4,3,7,0
14,2,4,4,2,7,0
14,2,4,4,3,7,0
14,2,4,5,3,7,0
14,2,3,4,3,7,0
14,2,4,4,4,7,0
14,2,5,5,4,7,0
14,2,4,3,3,7,0
14,2,4,4,3,7,0
14,2,4,4,4,7,0
14,2,4,4,5,7,0
14,2,4,3,4,7,0
14,2,5,4,4,7,0
14,2,3,4,1,7,0
14,2,5,5,5,7,0
14,2,4,4,4,7,0
14,2,4,3,5,7,0
14,2,4,4,4,7,0
14,2,4,3,3,7,0
14,2,3,4,3,7,0
14,2,5,6,4,7,0
14,2,4,3,4,7,0
14,2,4,6,5,7,0
14,2,4,4,4,7,0
14,2,4,5,3,7,0
15,2,5,4,4,2,0
15,2,5,4,4,2,0
15,2,4,3,3,2,0
15,2,4,5,2,2,0
15,2,4,4,4,2,0
15,2,5,4,2,2,0
15,2,5,4,4,2,0
15,2,4,3,4,2,0
15,2,4,5,4,2,0
15,2,4,2,5,2,0
15,2,5,6,3,2,0
15,2,5,4,3,2,0
15,2,4,4,3,2,0
15,2,4,6,4,2,0
15,2,4,4,3,2,0
15,2,4,5,4,2,0
15,2,4,4,4,2,0
15,2,4,5,3,2,0
15,2,4,3,4,2,0
15,2,4,5,3,2,0
15,2,5,3,2,2,0
15,2,3,4,4,2,0
15,2,4,6,3,2,0
15,2,5,4,3,2,0
15,2,5,4,3,2,0
15,2,5,4,3,2,0
15,2,4,5,4,2,0
15,2,4,3,3,2,0
15,2,5,4,3,2,0
15,2,4,4,4,2,0
15,2,4,4,3,2,0
15,2,4,4,3,2,0
15,2,4,3,4,2,0
15,2,5,4,3,2,0
15,2,4,4,4,2,0
15,2,4,4,3,2,0
15,2,5,3,2,2,0
15,2,4,5,4,2,0
15,2,3,4,2,2,0
15,2,5,6,4,2,0
15,2,4,5,4,2,0
15,2,5,5,4,2,0
15,2,4,3,3,2,0
15,2,5,5,3,2,0
15,2,4,3,5,2,0
15,2,5,3,4,2,0
15,2,4,4,4,2,0
15,2,5,4,3,2,0
15,2,4,4,3,2,0
15,2,4,3,2,2,0
16,3,4,6,5,3,0
16,3,5,5,4,3,0
16,3,4,3,3,3,0
16,3,4,5,5,3,0
16,3,4,4,4,3,0
16,3,5,5,4,3,0
16,3,4,5,5,3,0
16,3,4,5,3,3,0
16,3,4,4,5,3,0
16,3,4,5,4,3,0
16,3,5,5,4,3,0
16,3,4,3,2,3,0
16,3,5,4,3,3,0
16,3,5,5,3,3,0
16,3,5,5,3,3,0
16,3,4,2,4,3,0
16,3,5,5,4,3,0
16,3,5,5,4,3,0
16,3,5,4,5,3,0
16,3,4,4,4,3,0
16,3,5,4,4,3,0
16,3,5,3,3,3,0
16,3,5,5,3,3,0
16,3,5,4,3,3,0
16,3,5,4,5,3,0
16,3,4,4,3,3,0
16,3,4,3,5,3,0
16,3,4,5,5,3,0
16,3,4,4,3,3,0
16,3,5,3,5,3,0
16,3,5,4,3,3,0
16,3,5,6,4,3,0
16,3,4,4,4,3,0
16,3,5,3,5,3,0
16,3,5,5,3,3,0
16,3,4,4,3,3,0
16,3,4,5,4,3,0
16,3,4,4,4,3,0
16,3,4,3,4,3,0
16,3,4,2,3,3,0
16,3,5,5,5,3,0
16,3,4,4,3,3,0
16,3,5,4,5,3,0
16,3,4,5,5,3,0
16,3,4,4,4,3,0
16,3,5,5,4,3,0
16,3,5,4,3,3,0
16,3,6,4,4,3,0
16,3,4,4,4,3,0
16,3,5,3,3,3,0
17,3,5,3,6,3,0
17,3,5,4,4,3,0
17,3,5,4,4,3,0
17,3,4,5,3,3,0
17,3,7,5,5,3,0
17,3,5,4,4,3,0
17,3,5,4,4,3,0
17,3,5,4,3,3,0
17,3,5,4,3,3,0
17,3,5,4,5,3,0
17,3,6,4,5,3,0
17,3,5,4,3,3,0
17,3,5,3,4,3,0
17,3,4,3,4,3,0
17,3,5,3,4,3,0
17,3,6,5,5,3,0
17,3,4,3,5,3,0
17,3,5,4,2,3,0
17,3,6,5,3,3,0
17,3,5,4,3,3,0
17,3,5,5,4,3,0
17,3,4,3,4,3,0
17,3,5,3,4,3,0
17,3,5,4,3,3,0
17,3,5,4,4,3,0
17,3,5,5,5,3,0
17,3,5,4,3,3,0
17,3,6,4,4,3,0
17,3,5,4,3,3,0
17,3,5,4,4,3,0
17,3,5,2,4,3,0
17,3,5,5,3,3,0
17,3,5,3,4,3,0
17,3,6,4,3,3,0
17,3,5,4,3,3,0
17,3,6,5,3,3,0
17,3,5,4,3,3,0
17,3,5,4,3,3,0
17,3,6,4,3,3,0
17,3,6,4,4,3,0
17,3,6,6,4,3,0
17,3,5,4,3,3,0
17,3,6,3,5,3,0
17,3,5,4,3,3,0
17,3,5,3,4,3,0
17,3,5,4,4,3,0
17,3,5,4,4,3,0
17,3,6,5,3,3,0
17,3,5,5,4,3,0
17,3,5,4,3,3,0
18,3,3,4,3,7,0
18,3,4,4,4,7,0
18,3,5,4,5,7,0
18,3,3,4,4,7,0
18,3,5,5,4,7,0
18,3,4,6,4,7,0
18,3,4,5,4,7,0
18,3,3,4,3,7,0
18,3,3,3,3,7,0
18,3,4,4,3,7,0
18,3,4,3,5,7,0
18,3,4,3,3,7,0
18,3,3,4,3,7,0
18,3,4,4,5,7,0
18,3,4,4,6,7,0
18,3,4,5,4,7,0
18,3,3,5,3,7,0
18,3,4,4,5,7,0
18,3,4,3,5,7,0
18,3,3,3,5,7,0
18,3,2,4,2,7,0
18,3,3,5,2,7,0
18,3,3,4,5,7,0
18,3,3,5,3,7,0
18,3,3,5,2,7,0
18,3,4,4,5,7,0
18,3,3,4,3,7,0
18,3,3,4,3,7,0
18,3,1,5,2,7,0
18,3,3,5,3,7,0
18,3,3,4,4,7,0
18,3,4,5,3,7,0
18,3,4,5,4,7,0
18,3,4,4,4,7,0
18,3,2,5,3,7,0
18,3,4,4,3,7,0
18,3,4,5,3,7,0
18,3,4,4,6,7,0
18,3,3,4,4,7,0
18,3,3,3,3,7,0
18,3,3,5,4,7,0
18,3,3,4,2,7,0
18,3,3,5,3,7,0
18,3,3,5,4,7,0
18,3,4,4,4,7,0
18,3,3,4,3,7,0
18,3,3,5,4,7,0
18,3,3,4,4,7,0
18,3,4,4,5,7,0
18,3,3,5,5,7,0
19,3,4,4,4,7,0
19,3,4,4,3,7,0
19,3,4,3,4,7,0
19,3,4,4,4,7,0
19,3,4,3,4,7,0
19,3,3,3,4,7,0
19,3,4,4,3,7,0
19,3,3,4,4,7,0
19,3,3,5,4,7,0
19,3,3,2,4,7,0
19,3,3,6,4,7,0
19,3,4,4,4,7,0
19,3,4,3,4,7,0
19,3,3,4,3,7,0
19,3,4,4,3,7,0
19,3,4,3,4,7,0
19,3,3,4,3,7,0
19,3,3,7,4,7,0
19,3,4,4,4,7,0
19,3,4,5,3,7,0
19,3,4,5,4,7,0
19,3,5,3,5,7,0
19,3,3,5,3,7,0
19,3,4,5,3,7,0
19,3,3,4,4,7,0
19,3,4,5,4,7,0
19,3,3,4,5,7,0
19,3,3,3,3,7,0
19,3,3,4,2,7,0
19,3,3,5,2,7,0
19,3,4,4,4,7,0
19,3,4,5,4,7,0
19,3,3,4,4,7,0
19,3,4,4,5,7,0
19,3,4,4,4,7,0
19,3,4,5,4,7,0
19,3,4,3,3,7,0
19,3,4,5,4,7,0
19,3,4,4,4,7,0
19,3,5,5,5,7,0
19,3,3,5,5,7,0
19,3,4,6,4,7,0
19,3,4,3,2,7,0
19,3,4,4,5,7,0
19,3,4,5,2,7,0
19,3,4,5,4,7,0
19,3,4,5,5,7,0
19,3,3,3,4,7,0
19,3,4,4,5,7,0
19,3,3,4,3,7,0
20,3,5,2,3,1,0
20,3,6,4,4,1,0
20,3,6,5,4,1,0
20,3,6,4,4,1,0
20,3,5,6,5,1,0
20,3,5,5,4,1,0
20,3,5,5,3,1,0
20,3,5,2,4,1,0
20,3,6,5,5,1,0
20,3,4,5,2,1,0
20,3,4,4,3,1,0
20,3,5,3,4,1,0
20,3,5,3,3,1,0
20,3,6,4,3,1,0
20,3,6,5,4,1,0
20,3,4,4,3,1,0
20,3,5,4,3,1,0
20,3,6,5,4,1,0
20,3,5,5,2,1,0
20,3,5,4,4,1,0
20,3,5,3,3,1,0
20,3,4,4,3,1,0
20,3,5,4,4,1,0
20,3,4,2,2,1,0
20,3,5,4,4,1,0
20,3,5,3,4,1,0
20,3,5,4,4,1,0
20,3,5,3,4,1,0
20,3,5,5,4,1,0
20,3,5,4,3,1,0
20,3,6,3,4,1,0
20,3,5,3,3,1,0
20,3,5,4,4,1,0
20,3,5,2,3,1,0
20,3,5,5,4,1,0
20,3,5,3,4,1,0
20,3,5,5,4,1,0
20,3,4,4,5,1,0
20,3,4,4,3,1,0
20,3,5,6,4,1,0
20,3,5,4,4,1,0
20,3,5,4,5,1,0
20,3,6,5,5,1,0
20,3,6,5,4,1,0
20,3,5,3,4,1,0
20,3,5,5,4,1,0
20,3,5,4,3,1,0
20,3,5,3,4,1,0
20,3,5,5,5,1,0
20,3,6,5,4,1,0
21,3,5,4,3,7,0
21,3,4,4,5,7,0
21,3,4,4,4,7,0
21,3,4,5,4,7,0
21,3,6,5,3,7,0
21,3,6,4,4,7,0
21,3,4,4,4,7,0
21,3,5,3,2,7,0
21,3,4,3,3,7,0
21,3,5,4,5,7,0
21,3,5,5,4,7,0
21,3,5,4,4,7,0
21,3,4,4,3,7,0
21,3,5,4,4,7,0
21,3,4,4,4,7,0
21,3,5,6,3,7,0
21,3,4,4,3,7,0
21,3,5,5,5,7,0
21,3,4,2,4,7,0
21,3,5,4,4,7,0
21,3,4,4,3,7,0
21,3,4,3,3,7,0
21,3,5,5,3,7,0
21,3,5,4,4,7,0
21,3,5,4,2,7,0
21,3,4,2,4,7,0
21,3,5,4,3,7,0
21,3,4,4,3,7,0
21,3,5,2,3,7,0
21,3,5,4,4,7,0
21,3,5,5,4,7,0
21,3,5,4,4,7,0
21,3,4,3,4,7,0
21,3,5,3,3,7,0
21,3,5,5,4,7,0
21,3,4,4,3,7,0
21,3,4,4,3,7,0
21,3,5,5,4,7,0
21,3,5,3,4,7,0
21,3,4,5,4,7,0
21,3,4,4,4,7,0
21,3,5,4,3,7,0
21,3,5,3,4,7,0
21,3,5,4,5,7,0
21,3,4,5,3,7,0
21,3,5,3,3,7,0
21,3,5,4,3,7,0
21,3,5,3,3,7,0
21,3,5,5,4,7,0
21,3,5,5,4,7,0
22,3,6,5,5,6,0
22,3,5,4,4,6,0
22,3,5,4,5,6,0
22,3,6,6,3,6,0
22,3,5,5,3,6,0
22,3,5,4,3,6,0
22,3,5,5,4,6,0
22,3,6,5,5,6,0
22,3,6,5,3,6,0
22,3,4,4,3,6,0
22,3,5,4,4,6,0
22,3,4,5,4,6,0
22,3,5,5,3,6,0
22,3,5,5,4,6,0
22,3,5,4,4,6,0
22,3,5,6,4,6,0
22,3,5,3,4,6,0
22,3,6,4,5,6,0
22,3,5,4,4,6,0
22,3,5,3,5,6,0
22,3,5,4,3,6,0
22,3,6,6,4,6,0
22,3,5,4,4,6,0
22,3,5,4,4,6,0
22,3,5,5,5,6,0
22,3,7,5,5,6,0
22,3,5,4,3,6,0
22,3,6,2,4,6,0
22,3,4,3,3,6,0
22,3,5,4,4,6,0
22,3,6,5,4,6,0
22,3,5,6,4,6,0
22,3,5,4,3,6,0
22,3,5,5,3,6,0
22,3,5,4,5,6,0
22,3,6,4,3,6,0
22,3,5,4,3,6,0
22,3,5,5,4,6,0
22,3,5,5,2,6,0
22,3,6,5,3,6,0
22,3,6,4,3,6,0
22,3,4,4,4,6,0
22,3,5,4,4,6,0
22,3,4,3,3,6,0
22,3,6,4,6,6,0
22,3,6,5,3,6,0
22,3,5,4,4,6,0
22,3,5,5,3,6,0
22,3,4,4,4,6,0
22,3,6,6,3,6,0
23,3,3,2,4,3,0
23,3,3,5,5,3,0
23,3,4,4,2,3,0
23,3,2,3,3,3,0
23,3,3,5,3,3,0
23,3,3,4,4,3,0
23,3,3,3,4,3,0
23,3,3,2,3,3,0
23,3,4,5,5,3,0
23,3,4,4,3,3,0
23,3,4,4,4,3,0
23,3,4,4,4,3,0
23,3,3,3,5,3,0
23,3,4,4,3,3,0
23,3,4,5,4,3,0
23,3,3,3,5,3,0
23,3,3,3,3,3,0
23,3,3,4,4,3,0
23,3,3,4,3,3,0
23,3,4,3,3,3,0
23,3,4,5,4,3,0
23,3,4,5,5,3,0
23,3,3,3,4,3,0
23,3,3,3,3,3,0
23,3,3,4,4,3,0
23,3,4,4,3,3,0
23,3,3,5,4,3,0
23,3,4,5,3,3,0
23,3,4,5,4,3,0
23,3,4,5,5,3,0
23,3,4,5,4,3,0
23,3,2,3,4,3,0
23,3,3,3,5,3,0
23,3,4,5,3,3,0
23,3,3,4,3,3,0
23,3,3,3,4,3,0
23,3,3,2,1,3,0
23,3,4,5,5,3,0
23,3,4,5,3,3,0
23,3,3,5,4,3,0
23,3,4,5,3,3,0
23,3,4,4,4,3,0
23,3,3,4,4,3,0
23,3,3,5,3,3,0
23,3,3,4,3,3,0
23,3,4,4,6,3,0
23,3,3,5,5,3,0
23,3,3,4,4,3,0
23,3,3,5,3,3,0
23,3,3,5,3,3,0
24,3,5,4,3,3,0
24,3,4,3,4,3,0
24,3,5,3,4,3,0
24,3,6,6,6,3,0
24,3,4,4,2,3,0
24,3,5,3,3,3,0
24,3,5,5,5,3,0
24,3,5,4,4,3,0
24,3,5,3,3,3,0
24,3,6,4,4,3,0
24,3,5,5,2,3,0
24,3,5,5,3,3,0
24,3,5,4,3,3,0
24,3,5,4,4,3,0
24,3,5,6,3,3,0
24,3,5,4,4,3,0
24,3,5,4,5,3,0
24,3,5,5,4,3,0
24,3,4,5,4,3,0
24,3,5,4,4,3,0
24,3,5,4,3,3,0
24,3,4,5,4,3,0
24,3,5,3,4,3,0
24,3,5,5,3,3,0
24,3,4,4,3,3,0
24,3,5,3,5,3,0
24,3,5,4,2,3,0
24,3,6,3,2,3,0
24,3,6,6,4,3,0
24,3,5,3,4,3,0
24,3,5,4,3,3,0
24,3,5,4,4,3,0
24,3,6,4,5,3,0
24,3,5,3,3,3,0
24,3,5,4,3,3,0
24,3,5,3,4,3,0
24,3,4,4,2,3,0
24,3,5,4,4,3,0
24,3,5,4,3,3,0
24,3,5,5,4,3,0
24,3,5,4,3,3,0
24,3,5,3,3,3,0
24,3,5,4,4,3,0
24,3,5,4,3,3,0
24,3,4,4,5,3,0
24,3,5,4,4,3,0
24,3,4,5,4,3,0
24,3,4,4,3,3,0
24,3,4,4,1,3,0
24,3,5,4,3,3,0
25,3,5,5,5,7,0
25,3,4,3,3,7,0
25,3,3,4,4,7,0
25,3,5,3,5,7,0
25,3,3,5,2,7,0
25,3,4,5,3,7,0
25,3,4,4,4,7,0
25,3,4,4,4,7,0
25,3,4,4,5,7,0
25,3,4,3,3,7,0
25,3,3,4,4,7,0
25,3,4,4,3,7,0
25,3,4,5,5,7,0
25,3,3,4,2,7,0
25,3,4,5,4,7,0
25,3,4,4,3,7,0
25,3,4,4,3,7,0
25,3,5,5,4,7,0
25,3,4,5,5,7,0
25,3,5,4,3,7,0
25,3,4,4,4,7,0
25,3,4,4,4,7,0
25,3,4,5,3,7,0
25,3,4,3,5,7,0
25,3,4,4,4,7,0
25,3,4,4,3,7,0
25,3,3,4,2,7,0
25,3,4,5,3,7,0
25,3,4,5,4,7,0
25,3,4,4,5,7,0
25,3,4,6,3,7,0
25,3,4,5,4,7,0
25,3,4,4,3,7,0
25,3,4,5,3,7,0
25,3,5,5,4,7,0
25,3,4,4,4,7,0
25,3,4,4,4,7,0
25,3,5,4,4,7,0
25,3,4,4,4,7,0
25,3,5,5,4,7,0
25,3,4,4,3,7,0
25,3,4,4,4,7,0
25,3,4,5,5,7,0
25,3,4,5,2,7,0
25,3,3,3,5,7,0
25,3,5,5,4,7,0
25,3,3,4,3,7,0
25,3,5,4,3,7,0
25,3,4,3,5,7,0
25,3,5,5,4,7,0
26,3,3,3,5,6,0
26,3,3,4,2,6,0
26,3,4,3,4,6,0
26,3,4,5,3,6,0
26,3,3,4,3,6,0
26,3,5,5,4,6,0
26,3,4,3,5,6,0
26,3,3,3,3,6,0
26,3,3,4,4,6,0
26,3,3,4,4,6,0
26,3,3,5,5,6,0
26,3,3,4,3,6,0
26,3,4,5,4,6,0
26,3,3,3,5,6,0
26,3,3,3,3,6,0
26,3,4,5,4,6,0
26,3,3,4,4,6,0
26,3,3,5,4,6,0
26,3,3,5,4,6,0
26,3,4,4,5,6,0
26,3,4,5,3,6,0
26,3,4,3,3,6,0
26,3,4,3,3,6,0
26,3,4,4,4,6,0
26,3,4,5,3,6,0
26,3,3,4,2,6,0
26,3,3,4,4,6,0
26,3,4,5,4,6,0
26,3,5,3,3,6,0
26,3,3,5,3,6,0
26,3,4,4,4,6,0
26,3,3,6,3,6,0
26,3,4,3,4,6,0
26,3,3,5,3,6,0
26,3,4,3,5,6,0
26,3,4,5,4,6,0
26,3,4,4,3,6,0
26,3,3,6,4,6,0
26,3,4,5,4,6,0
26,3,4,6,5,6,0
26,3,3,4,3,6,0
26,3,4,5,4,6,0
26,3,3,4,3,6,0
26,3,4,7,3,6,0
26,3,4,4,3,6,0
26,3,3,4,3,6,0
26,3,3,4,3,6,0
26,3,4,5,3,6,0
26,3,4,4,4,6,0
26,3,4,4,4,6,0
27,4,3,5,4,1,1
27,4,3,4,3,1,1
27,4,2,4,4,1,1
27,4,2,3,4,1,1
27,4,3,5,2,1,1
27,4,3,3,3,1,1
27,4,2,2,4,1,1
27,4,3,4,4,1,1
27,4,2,4,4,1,1
27,4,2,4,4,1,1
27,4,2,4,3,1,1
27,4,2,3,2,1,1
27,4,3,5,3,1,1
27,4,3,4,5,1,1
27,4,3,5,4,1,1
27,4,2,4,4,1,1
27,4,2,4,6,1,1
27,4,2,5,5,1,1
27,4,2,5,4,1,1
27,4,2,3,4,1,1
27,4,3,3,4,1,1
27,4,3,3,5,1,1
27,4,2,4,4,1,1
27,4,2,5,4,1,1
27,4,3,4,4,1,1
27,4,3,4,5,1,1
27,4,2,5,4,1,1
27,4,3,5,4,1,1
27,4,3,4,3,1,1
27,4,3,5,4,1,1
27,4,3,5,3,1,1
27,4,2,5,5,1,1
27,4,3,4,4,1,1
27,4,2,2,5,1,1
27,4,3,4,4,1,1
27,4,3,4,4,1,1
27,4,3,4,5,1,1
27,4,3,4,5,1,1
27,4,3,4,5,1,1
27,4,3,3,4,1,1
27,4,3,5,3,1,1
27,4,3,5,4,1,1
27,4,2,4,4,1,1
27,4,3,4,2,1,1
27,4,1,3,2,1,1
27,4,2,2,4,1,1
27,4,2,4,3,1,1
27,4,3,4,3,1,1
27,4,3,4,4,1,1
27,4,3,5,3,1,1
28,4,4,4,4,2,1
28,4,3,5,5,2,1
28,4,4,3,4,2,1
28,4,4,4,2,2,1
28,4,4,2,4,2,1
28,4,4,3,5,2,1
28,4,4,2,4,2,1
28,4,3,5,4,2,1
28,4,4,4,4,2,1
28,4,4,4,3,2,1
28,4,3,4,2,2,1
28,4,4,3,3,2,1
28,4,3,4,4,2,1
28,4,4,3,4,2,1
28,4,4,4,4,2,1
28,4,3,4,3,2,1
28,4,4,5,4,2,1
28,4,3,4,4,2,1
28,4,3,4,3,2,1
28,4,4,5,4,2,1
28,4,3,4,3,2,1
28,4,4,3,4,2,1
28,4,3,5,5,2,1
28,4,4,3,3,2,1
28,4,3,3,4,2,1
28,4,3,5,3,2,1
28,4,4,3,2,2,1
28,4,4,5,2,2,1
28,4,4,5,4,2,1
28,4,4,3,3,2,1
28,4,2,4,2,2,1
28,4,3,4,3,2,1
28,4,4,4,4,2,1
28,4,4,4,3,2,1
28,4,4,2,3,2,1
28,4,4,5,3,2,1
28,4,3,3,4,2,1
28,4,4,5,3,2,1
28,4,3,4,6,2,1
28,4,3,3,4,2,1
28,4,3,4,3,2,1
28,4,3,4,2,2,1
28,4,4,3,3,2,1
28,4,4,4,5,2,1
28,4,3,4,4,2,1
28,4,3,3,4,2,1
28,4,4,3,5,2,1
28,4,4,4,4,2,1
28,4,3,4,3,2,1
28,4,3,5,4,2,1
29,4,3,3,3,3,1
29,4,3,4,4,3,1
29,4,2,4,3,3,1
29,4,3,4,3,3,1
29,4,3,6,4,3,1
29,4,3,4,5,3,1
29,4,3,4,3,3,1
29,4,3,3,4,3,1
29,4,3,5,4,3,1
29,4,4,2,4,3,1
29,4,2,4,4,3,1
29,4,2,4,3,3,1
29,4,2,3,3,3,1
29,4,3,4,4,3,1
29,4,3,5,5,3,1
29,4,3,4,3,3,1
29,4,2,4,3,3,1
29,4,4,4,5,3,1
29,4,3,5,4,3,1
29,4,3,4,3,3,1
29,4,2,4,4,3,1
29,4,4,5,4,3,1
29,4,3,3,3,3,1
29,4,3,5,3,3,1
29,4,2,4,5,3,1
29,4,2,3,3,3,1
29,4,3,2,3,3,1
29,4,3,5,3,3,1
29,4,3,2,4,3,1
29,4,2,5,4,3,1
29,4,3,3,3,3,1
29,4,3,5,3,3,1
29,4,4,5,4,3,1
29,4,3,3,4,3,1
29,4,3,5,4,3,1
29,4,3,4,4,3,1
29,4,3,4,4,3,1
29,4,3,4,4,3,1
29,4,3,5,4,3,1
29,4,3,4,2,3,1
29,4,3,4,5,3,1
29,4,3,5,3,3,1
29,4,3,4,4,3,1
29,4,4,5,3,3,1
29,4,3,4,4,3,1
29,4,3,3,4,3,1
29,4,3,4,5,3,1
29,4,3,4,4,3,1
29,4,4,5,4,3,1
29,4,3,2,3,3,1
30,4,4,4,4,4,1
30,4,3,5,4,4,1
30,4,4,4,4,4,1
30,4,3,3,2,4,1
30,4,3,5,2,4,1
30,4,4,5,4,4,1
30,4,4,5,4,4,1
30,4,4,5,4,4,1
30,4,4,4,3,4,1
30,4,4,5,4,4,1
30,4,3,4,5,4,1
30,4,3,4,4,4,1
30,4,3,3,3,4,1
30,4,4,4,3,4,1
30,4,3,4,5,4,1
30,4,4,3,2,4,1
30,4,3,4,3,4,1
30,4,4,5,2,4,1
30,4,4,4,3,4,1
30,4,4,4,4,4,1
30,4,3,3,3,4,1
30,4,5,4,3,4,1
30,4,4,4,4,4,1
30,4,4,3,3,4,1
30,4,4,3,3,4,1
30,4,4,5,5,4,1
30,4,4,3,4,4,1
30,4,4,4,4,4,1
30,4,3,6,3,4,1
30,4,2,4,3,4,1
30,4,3,3,3,4,1
30,4,4,3,3,4,1
30,4,3,4,3,4,1
30,4,4,5,3,4,1
30,4,3,4,2,4,1
30,4,4,5,2,4,1
30,4,3,4,6,4,1
30,4,4,5,4,4,1
30,4,4,4,5,4,1
30,4,4,4,3,4,1
30,4,3,4,2,4,1
30,4,4,4,4,4,1
30,4,4,4,4,4,1
30,4,4,3,4,4,1
30,4,4,5,4,4,1
30,4,4,4,4,4,1
30,4,4,4,4,4,1
30,4,3,4,5,4,1
30,4,3,4,3,4,1
30,4,3,3,3,4,1
31,4,5,3,4,3,1
31,4,4,4,3,3,1
31,4,5,5,4,3,1
31,4,5,3,4,3,1
31,4,4,4,3,3,1
31,4,5,5,5,3,1
31,4,4,2,4,3,1
31,4,5,4,4,3,1
31,4,5,4,3,3,1
31,4,4,5,4,3,1
31,4,4,4,4,3,1
31,4,5,4,3,3,1
31,4,5,4,3,3,1
31,4,4,4,3,3,1
31,4,5,3,5,3,1
31,4,5,3,4,3,1
31,4,4,4,4,3,1
31,4,4,3,3,3,1
31,4,4,4,3,3,1
31,4,4,6,5,3,1
31,4,5,5,5,3,1
31,4,6,4,3,3,1
31,4,5,4,4,3,1
31,4,5,4,4,3,1
31,4,5,4,4,3,1
31,4,4,4,3,3,1
31,4,4,3,4,3,1
31,4,5,3,3,3,1
31,4,5,5,4,3,1
31,4,4,5,3,3,1
31,4,4,4,3,3,1
31,4,5,4,3,3,1
31,4,4,3,5,3,1
31,4,4,5,4,3,1
31,4,5,5,5,3,1
31,4,4,3,4,3,1
31,4,6,6,4,3,1
31,4,3,3,5,3,1
31,4,5,4,3,3,1
31,4,4,4,3,3,1
31,4,5,4,4,3,1
31,4,5,3,3,3,1
31,4,4,5,4,3,1
31,4,5,4,4,3,1
31,4,5,4,3,3,1
31,4,4,5,4,3,1
31,4,4,4,3,3,1
31,4,4,3,6,3,1
31,4,5,3,3,3,1
31,4,5,4,3,3,1
32,4,3,4,3,3,1
32,4,3,4,3,3,1
32,4,3,4,3,3,1
32,4,2,3,3,3,1
32,4,2,4,4,3,1
32,4,3,4,2,3,1
32,4,3,4,3,3,1
32,4,4,4,4,3,1
32,4,2,4,4,3,1
32,4,4,5,5,3,1
32,4,3,4,3,3,1
32,4,3,4,3,3,1
32,4,3,3,4,3,1
32,4,3,4,4,3,1
32,4,3,5,4,3,1
32,4,2,3,2,3,1
32,4,3,4,4,3,1
32,4,3,4,3,3,1
32,4,3,5,4,3,1
32,4,2,3,4,3,1
32,4,3,5,3,3,1
32,4,3,5,3,3,1
32,4,3,4,3,3,1
32,4,2,3,4,3,1
32,4,2,4,3,3,1
32,4,2,4,4,3,1
32,4,3,2,3,3,1
32,4,3,5,2,3,1
32,4,3,4,3,3,1
32,4,2,4,3,3,1
32,4,2,5,2,3,1
32,4,3,3,4,3,1
32,4,3,4,5,3,1
32,4,3,5,5,3,1
32,4,3,5,4,3,1
32,4,3,3,4,3,1
32,4,3,4,3,3,1
32,4,3,4,5,3,1
32,4,3,3,3,3,1
32,4,4,3,3,3,1
32,4,3,3,4,3,1
32,4,3,3,4,3,1
32,4,3,6,3,3,1
32,4,4,4,3,3,1
32,4,3,4,3,3,1
32,4,3,4,3,3,1
32,4,3,5,5,3,1
32,4,2,4,4,3,1
32,4,3,4,4,3,1
32,4,3,4,3,3,1
33,4,3,5,3,5,1
33,4,3,6,4,5,1
33,4,3,4,3,5,1
33,4,3,3,4,5,1
33,4,3,4,3,5,1
33,4,4,4,5,5,1
33,4,3,3,3,5,1
33,4,3,3,4,5,1
33,4,4,4,4,5,1
33,4,3,4,4,5,1
33,4,3,4,4,5,1
33,4,3,3,5,5,1
33,4,3,4,3,5,1
33,4,3,5,3,5,1
33,4,2,4,3,5,1
33,4,3,3,3,5,1
33,4,4,3,4,5,1
33,4,3,4,5,5,1
33,4,4,6,6,5,1
33,4,4,5,5,5,1
33,4,4,5,5,5,1
33,4,3,4,3,5,1
33,4,3,4,4,5,1
33,4,4,4,4,5,1
33,4,3,5,4,5,1
33,4,2,4,4,5,1
33,4,3,4,4,5,1
33,4,3,5,6,5,1
33,4,3,3,3,5,1
33,4,4,4,3,5,1
33,4,2,4,3,5,1
33,4,4,3,4,5,1
33,4,4,4,4,5,1
33,4,3,5,5,5,1
33,4,3,4,4,5,1
33,4,3,4,1,5,1
33,4,3,4,3,5,1
33,4,3,4,3,5,1
33,4,2,4,3,5,1
33,4,3,4,4,5,1
33,4,3,4,5,5,1
33,4,3,4,3,5,1
33,4,4,4,4,5,1
33,4,4,5,4,5,1
33,4,4,5,4,5,1
33,4,3,3,4,5,1
33,4,3,5,2,5,1
33,4,3,4,4,5,1
33,4,3,6,3,5,1
33,4,3,6,3,5,1
34,4,2,4,3,1,1
34,4,2,4,4,1,1
34,4,2,5,4,1,1
34,4,2,4,4,1,1
34,4,2,3,3,1,1
34,4,3,4,5,1,1
34,4,2,4,3,1,1
34,4,3,4,4,1,1
34,4,3,4,3,1,1
34,4,3,3,3,1,1
34,4,2,4,4,1,1
34,4,2,4,3,1,1
34,4,3,6,3,1,1
34,4,3,5,4,1,1
34,4,2,4,3,1,1
34,4,2,5,4,1,1
34,4,2,3,2,1,1
34,4,2,3,5,1,1
34,4,3,5,5,1,1
34,4,2,3,4,1,1
34,4,2,3,3,1,1
34,4,3,3,5,1,1
34,4,3,4,4,1,1
34,4,2,5,3,1,1
34,4,3,5,3,1,1
34,4,2,5,3,1,1
34,4,3,5,3,1,1
34,4,3,3,3,1,1
34,4,3,4,5,1,1
34,4,2,4,4,1,1
34,4,2,4,2,1,1
34,4,3,3,5,1,1
34,4,3,4,3,1,1
34,4,3,4,5,1,1
34,4,2,5,4,1,1
34,4,3,3,4,1,1
34,4,3,4,5,1,1
34,4,3,5,4,1,1
34,4,2,5,2,1,1
34,4,3,3,4,1,1
34,4,2,5,5,1,1
34,4,3,4,3,1,1
34,4,2,5,3,1,1
34,4,2,6,4,1,1
34,4,1,4,2,1,1
34,4,2,3,3,1,1
34,4,2,3,3,1,1
34,4,3,6,4,1,1
34,4,3,4,6,1,1
34,4,2,4,2,1,1
35,4,4,5,3,2,1
35,4,5,5,4,2,1
35,4,4,5,3,2,1
35,4,4,4,3,2,1
35,4,4,3,5,2,1
35,4,5,4,4,2,1
35,4,4,2,4,2,1
35,4,5,4,2,2,1
35,4,4,5,3,2,1
35,4,4,4,3,2,1
35,4,4,4,3,2,1
35,4,5,4,3,2,1
35,4,4,4,3,2,1
35,4,4,5,3,2,1
35,4,5,5,5,2,1
35,4,4,5,5,2,1
35,4,5,5,4,2,1
35,4,4,4,4,2,1
35,4,4,3,4,2,1
35,4,5,6,3,2,1
35,4,4,3,3,2,1
35,4,5,6,5,2,1
35,4,4,6,3,2,1
35,4,4,4,3,2,1
35,4,5,5,3,2,1
35,4,5,4,5,2,1
35,4,3,3,3,2,1
35,4,4,5,3,2,1
35,4,3,5,3,2,1
35,4,5,5,2,2,1
35,4,4,4,4,2,1
35,4,5,3,6,2,1
35,4,4,4,3,2,1
35,4,5,5,4,2,1
35,4,4,5,3,2,1
35,4,5,4,4,2,1
35,4,5,4,3,2,1
35,4,5,4,4,2,1
35,4,4,4,3,2,1
35,4,4,4,3,2,1
35,4,4,4,2,2,1
35,4,4,4,3,2,1
35,4,5,4,5,2,1
35,4,4,4,3,2,1
35,4,4,4,4,2,1
35,4,5,3,3,2,1
35,4,4,5,3,2,1
35,4,5,2,5,2,1
35,4,4,3,3,2,1
35,4,5,5,4,2,1
36,5,4,4,3,1,0
36,5,5,4,4,1,0
36,5,5,5,3,1,0
36,5,4,5,3,1,0
36,5,5,3,4,1,0
36,5,5,4,4,1,0
36,5,4,4,3,1,0
36,5,6,5,3,1,0
36,5,5,4,4,1,0
36,5,6,5,4,1,0
36,5,4,3,4,1,0
36,5,4,3,5,1,0
36,5,5,3,4,1,0
36,5,4,4,4,1,0
36,5,6,4,5,1,0
36,5,4,4,4,1,0
36,5,5,2,3,1,0
36,5,5,4,5,1,0
36,5,5,3,4,1,0
36,5,5,4,4,1,0
36,5,5,4,4,1,0
36,5,5,4,5,1,0
36,5,6,5,4,1,0
36,5,5,5,3,1,0
36,5,5,4,3,1,0
36,5,5,3,4,1,0
36,5,5,3,3,1,0
36,5,5,4,5,1,0
36,5,5,4,5,1,0
36,5,4,4,3,1,0
36,5,4,4,4,1,0
36,5,5,4,4,1,0
36,5,5,3,3,1,0
36,5,6,3,4,1,0
36,5,4,4,3,1,0
36,5,5,3,4,1,0
36,5,4,3,4,1,0
36,5,4,5,3,1,0
36,5,5,5,4,1,0
36,5,5,3,4,1,0
36,5,5,4,3,1,0
36,5,5,3,4,1,0
36,5,5,4,4,1,0
36,5,5,6,3,1,0
36,5,5,5,3,1,0
36,5,4,3,3,1,0
36,5,5,2,4,1,0
36,5,4,5,3,1,0
36,5,4,5,5,1,0
36,5,4,4,5,1,0
37,5,5,4,4,3,0
37,5,4,3,5,3,0
37,5,4,4,4,3,0
37,5,5,4,3,3,0
37,5,5,4,4,3,0
37,5,5,5,4,3,0
37,5,5,4,4,3,0
37,5,5,3,4,3,0
37,5,5,3,3,3,0
37,5,6,4,5,3,0
37,5,4,4,4,3,0
37,5,4,3,2,3,0
37,5,5,4,3,3,0
37,5,4,3,3,3,0
37,5,4,4,3,3,0
37,5,5,3,4,3,0
37,5,5,6,4,3,0
37,5,4,3,4,3,0
37,5,4,5,3,3,0
37,5,3,3,2,3,0
37,5,4,6,3,3,0
37,5,4,3,2,3,0
37,5,4,2,4,3,0
37,5,5,3,4,3,0
37,5,5,4,3,3,0
37,5,4,2,4,3,0
37,5,5,3,4,3,0
37,5,5,6,5,3,0
37,5,5,5,4,3,0
37,5,4,5,4,3,0
37,5,4,5,3,3,0
37,5,4,4,4,3,0
37,5,3,5,3,3,0
37,5,4,4,5,3,0
37,5,5,3,4,3,0
37,5,5,4,5,3,0
37,5,5,3,4,3,0
37,5,4,4,4,3,0
37,5,4,6,4,3,0
37,5,5,5,3,3,0
37,5,5,5,4,3,0
37,5,4,4,4,3,0
37,5,5,3,4,3,0
37,5,4,4,4,3,0
37,5,4,4,3,3,0
37,5,5,4,5,3,0
37,5,5,5,3,3,0
37,5,5,4,4,3,0
37,5,4,5,4,3,0
37,5,4,3,2,3,0
38,5,5,4,3,4,0
38,5,5,3,4,4,0
38,5,5,4,3,4,0
38,5,5,6,3,4,0
38,5,5,4,4,4,0
38,5,5,2,3,4,0
38,5,5,3,4,4,0
38,5,5,5,5,4,0
38,5,5,5,4,4,0
38,5,6,3,5,4,0
38,5,5,3,5,4,0
38,5,5,4,4,4,0
38,5,6,5,5,4,0
38,5,5,4,4,4,0
38,5,5,3,4,4,0
38,5,6,4,4,4,0
38,5,5,3,4,4,0
38,5,6,4,4,4,0
38,5,6,4,4,4,0
38,5,6,4,4,4,0
38,5,5,3,4,4,0
38,5,5,4,4,4,0
38,5,5,4,5,4,0
38,5,5,4,4,4,0
38,5,5,3,3,4,0
38,5,5,5,2,4,0
38,5,5,6,3,4,0
38,5,6,4,5,4,0
38,5,5,3,4,4,0
38,5,6,3,3,4,0
38,5,5,5,4,4,0
38,5,5,4,4,4,0
38,5,4,3,2,4,0
38,5,5,4,3,4,0
38,5,6,4,4,4,0
38,5,5,4,5,4,0
38,5,6,5,4,4,0
38,5,5,4,3,4,0
38,5,5,5,3,4,0
38,5,5,5,4,4,0
38,5,5,4,5,4,0
38,5,6,4,4,4,0
38,5,6,3,4,4,0
38,5,5,4,3,4,0
38,5,4,4,2,4,0
38,5,5,4,3,4,0
38,5,5,5,3,4,0
38,5,6,4,6,4,0
38,5,5,4,4,4,0
38,5,5,3,4,4,0
39,5,4,4,3,3,0
39,5,4,2,4,3,0
39,5,5,4,5,3,0
39,5,4,5,3,3,0
39,5,4,6,2,3,0
39,5,5,5,4,3,0
39,5,4,4,3,3,0
39,5,5,5,4,3,0
39,5,5,4,4,3,0
39,5,5,5,3,3,0
39,5,4,4,3,3,0
39,5,5,4,4,3,0
39,5,4,5,3,3,0
39,5,4,3,2,3,0
39,5,4,5,4,3,0
39,5,5,5,6,3,0
39,5,5,4,5,3,0
39,5,4,4,3,3,0
39,5,5,4,3,3,0
39,5,5,4,4,3,0
39,5,4,4,4,3,0
39,5,5,4,4,3,0
39,5,5,4,4,3,0
39,5,5,3,3,3,0
39,5,5,5,4,3,0
39,5,4,5,4,3,0
39,5,5,5,4,3,0
39,5,4,4,4,3,0
39,5,4,4,2,3,0
39,5,4,5,4,3,0
39,5,4,5,5,3,0
39,5,4,3,3,3,0
39,5,5,5,5,3,0
39,5,4,5,4,3,0
39,5,4,4,3,3,0
39,5,5,4,5,3,0
39,5,4,5,3,3,0
39,5,5,5,4,3,0
39,5,4,4,4,3,0
39,5,4,3,4,3,0
39,5,4,2,2,3,0
39,5,5,5,5,3,0
39,5,4,6,2,3,0
39,5,5,4,5,3,0
39,5,4,4,3,3,0
39,5,4,4,3,3,0
39,5,5,4,4,3,0
39,5,4,3,3,3,0
39,5,5,5,5,3,0
39,5,5,4,3,3,0
40,5,4,5,4,7,0
40,5,4,5,3,7,0
40,5,4,3,4,7,0
40,5,4,3,5,7,0
40,5,3,5,2,7,0
40,5,4,5,3,7,0
40,5,4,3,3,7,0
40,5,4,5,4,7,0
40,5,3,4,4,7,0
40,5,4,5,4,7,0
40,5,3,5,3,7,0
40,5,4,4,4,7,0
40,5,3,5,4,7,0
40,5,3,4,3,7,0
40,5,4,5,4,7,0
40,5,3,4,2,7,0
40,5,4,5,4,7,0
40,5,4,3,4,7,0
40,5,4,4,4,7,0
40,5,3,4,4,7,0
40,5,4,4,4,7,0
40,5,4,4,4,7,0
40,5,3,3,3,7,0
40,5,4,4,5,7,0
40,5,3,4,2,7,0
40,5,4,4,4,7,0
40,5,5,6,5,7,0
40,5,4,5,3,7,0
40,5,4,5,3,7,0
40,5,3,5,4,7,0
40,5,3,4,3,7,0
40,5,3,2,5,7,0
40,5,3,5,4,7,0
40,5,3,5,4,7,0
40,5,4,4,4,7,0
40,5,3,4,4,7,0
40,5,5,4,6,7,0
40,5,4,5,4,7,0
40,5,4,5,3,7,0
40,5,4,5,5,7,0
40,5,5,5,4,7,0
40,5,3,4,4,7,0
40,5,4,3,4,7,0
40,5,4,5,5,7,0
40,5,4,3,4,7,0
40,5,4,3,4,7,0
40,5,3,2,3,7,0
40,5,4,5,5,7,0
40,5,3,5,2,7,0
40,5,4,3,4,7,0
41,5,4,3,3,5,0
41,5,5,4,6,5,0
41,5,5,4,4,5,0
41,5,5,4,4,5,0
41,5,5,6,4,5,0
41,5,4,3,3,5,0
41,5,4,4,4,5,0
41,5,4,3,4,5,0
41,5,4,4,4,5,0
41,5,4,4,4,5,0
41,5,5,4,4,5,0
41,5,4,5,4,5,0
41,5,4,3,4,5,0
41,5,4,4,4,5,0
41,5,6,4,5,5,0
41,5,5,5,4,5,0
41,5,5,6,5,5,0
41,5,5,4,3,5,0
41,5,3,4,4,5,0
41,5,4,3,3,5,0
41,5,4,4,5,5,0
41,5,5,5,3,5,0
41,5,4,4,4,5,0
41,5,4,4,3,5,0
41,5,6,5,3,5,0
41,5,5,5,3,5,0
41,5,4,4,4,5,0
41,5,5,4,3,5,0
41,5,5,5,4,5,0
41,5,4,4,4,5,0
41,5,5,4,5,5,0
41,5,5,3,3,5,0
41,5,4,4,5,5,0
41,5,5,4,3,5,0
41,5,6,4,3,5,0
41,5,4,5,3,5,0
41,5,4,6,5,5,0
41,5,4,4,3,5,0
41,5,3,3,3,5,0
41,5,4,4,4,5,0
41,5,4,4,2,5,0
41,5,4,4,4,5,0
41,5,5,3,4,5,0
41,5,4,3,4,5,0
41,5,5,5,4,5,0
41,5,5,3,3,5,0
41,5,4,4,4,5,0
41,5,5,3,5,5,0
41,5,5,5,4,5,0
41,5,4,4,2,5,0
42,5,5,5,4,2,0
42,5,4,4,4,2,0
42,5,4,4,4,2,0
42,5,4,4,2,2,0
42,5,3,5,4,2,0
42,5,4,4,3,2,0
42,5,4,5,3,2,0
42,5,4,3,3,2,0
42,5,4,4,6,2,0
42,5,4,5,3,2,0
42,5,4,4,3,2,0
42,5,4,4,4,2,0
42,5,4,4,3,2,0
42,5,4,5,3,2,0
42,5,4,5,4,2,0
42,5,4,4,4,2,0
42,5,4,3,3,2,0
42,5,4,5,4,2,0
42,5,4,3,3,2,0
42,5,3,6,3,2,0
42,5,4,3,4,2,0
42,5,5,4,3,2,0
42,5,4,5,4,2,0
42,5,4,4,4,2,0
42,5,4,6,4,2,0
42,5,5,6,4,2,0
42,5,4,3,3,2,0
42,5,4,3,4,2,0
42,5,4,6,3,2,0
42,5,5,5,5,2,0
42,5,3,4,2,2,0
42,5,4,4,3,2,0
42,5,4,4,3,2,0
42,5,4,3,3,2,0
42,5,4,3,4,2,0
42,5,4,3,3,2,0
42,5,4,4,4,2,0
42,5,3,4,3,2,0
42,5,5,3,3,2,0
42,5,4,4,4,2,0
42,5,4,3,3,2,0
42,5,5,4,4,2,0
42,5,4,5,3,2,0
42,5,5,4,5,2,0
42,5,4,3,3,2,0
42,5,4,4,3,2,0
42,5,4,3,3,2,0
42,5,4,3,3,2,0
42,5,3,4,4,2,0
42,5,4,4,5,2,0
43,5,4,4,3,2,0
43,5,5,6,3,2,0
43,5,6,4,4,2,0
43,5,5,5,4,2,0
43,5,5,5,5,2,0
43,5,6,6,6,2,0
43,5,5,4,4,2,0
43,5,4,4,2,2,0
43,5,5,3,4,2,0
43,5,5,4,4,2,0
43,5,5,6,4,2,0
43,5,5,4,5,2,0
43,5,5,4,4,2,0
43,5,5,4,1,2,0
43,5,5,5,5,2,0
43,5,5,4,2,2,0
43,5,5,4,3,2,0
43,5,5,5,4,2,0
43,5,4,5,4,2,0
43,5,5,4,4,2,0
43,5,5,4,4,2,0
43,5,4,3,3,2,0
43,5,5,5,4,2,0
43,5,5,3,5,2,0
43,5,5,4,4,2,0
43,5,5,3,4,2,0
43,5,6,5,5,2,0
43,5,5,3,4,2,0
43,5,5,5,4,2,0
43,5,4,4,3,2,0
43,5,5,3,5,2,0
43,5,4,5,4,2,0
43,5,5,4,2,2,0
43,5,5,3,4,2,0
43,5,5,3,4,2,0
43,5,5,3,3,2,0
43,5,4,5,4,2,0
43,5,5,5,3,2,0
43,5,5,5,3,2,0
43,5,5,4,3,2,0
43,5,5,5,4,2,0
43,5,5,6,3,2,0
43,5,5,4,5,2,0
43,5,4,5,4,2,0
43,5,5,3,3,2,0
43,5,5,4,4,2,0
43,5,4,5,3,2,0
43,5,5,4,2,2,0
43,5,5,4,3,2,0
43,5,4,5,3,2,0
44,5,5,3,4,4,0
44,5,6,5,2,4,0
44,5,5,6,2,4,0
44,5,5,3,2,4,0
44,5,6,2,4,4,0
44,5,6,4,4,4,0
44,5,6,5,4,4,0
44,5,6,5,5,4,0
44,5,5,4,2,4,0
44,5,6,3,4,4,0
44,5,6,5,5,4,0
44,5,6,3,3,4,0
44,5,5,4,5,4,0
44,5,6,5,4,4,0
44,5,6,3,3,4,0
44,5,5,5,3,4,0
44,5,5,3,3,4,0
44,5,5,5,3,4,0
44,5,6,4,4,4,0
44,5,6,5,5,4,0
44,5,6,3,2,4,0
44,5,5,4,3,4,0
44,5,5,4,4,4,0
44,5,5,3,4,4,0
44,5,6,4,5,4,0
44,5,5,5,4,4,0
44,5,6,5,3,4,0
44,5,6,4,5,4,0
44,5,5,5,4,4,0
44,5,6,2,4,4,0
44,5,5,2,4,4,0
44,5,5,3,5,4,0
44,5,5,3,3,4,0
44,5,5,4,3,4,0
44,5,6,4,3,4,0
44,5,6,5,5,4,0
44,5,6,5,4,4,0
44,5,5,4,5,4,0
44,5,5,3,3,4,0
44,5,5,5,3,4,0
44,5,5,4,3,4,0
44,5,6,3,3,4,0
44,5,6,4,4,4,0
44,5,5,4,3,4,0
44,5,5,3,4,4,0
44,5,6,4,4,4,0
44,5,6,4,4,4,0
44,5,6,5,4,4,0
44,5,6,4,4,4,0
44,5,5,4,3,4,0
45,5,4,4,4,3,0
45,5,4,3,4,3,0
45,5,5,4,4,3,0
45,5,4,4,4,3,0
45,5,4,5,3,3,0
45,5,4,5,2,3,0
45,5,5,5,3,3,0
45,5,5,3,4,3,0
45,5,5,4,4,3,0
45,5,5,5,3,3,0
45,5,4,4,3,3,0
45,5,5,5,4,3,0
45,5,4,4,4,3,0
45,5,5,5,4,3,0
45,5,5,3,3,3,0
45,5,5,6,3,3,0
45,5,5,3,4,3,0
45,5,5,4,4,3,0
45,5,5,4,4,3,0
45,5,5,6,4,3,0
45,5,5,3,3,3,0
45,5,5,5,4,3,0
45,5,5,4,3,3,0
45,5,5,4,4,3,0
45,5,5,4,5,3,0
45,5,5,5,4,3,0
45,5,5,4,4,3,0
45,5,5,5,3,3,0
45,5,5,4,3,3,0
45,5,5,4,4,3,0
45,5,4,4,3,3,0
45,5,5,4,3,3,0
45,5,5,4,3,3,0
45,5,5,4,3,3,0
45,5,5,4,3,3,0
45,5,5,5,4,3,0
45,5,3,3,2,3,0
45,5,5,5,4,3,0
45,5,6,5,4,3,0
45,5,5,5,4,3,0
45,5,5,5,5,3,0
45,5,5,4,4,3,0
45,5,5,5,3,3,0
45,5,5,4,4,3,0
45,5,5,6,4,3,0
45,5,5,2,4,3,0
45,5,5,6,2,3,0
45,5,5,5,3,3,0
45,5,4,4,6,3,0
45,5,5,5,3,3,0
46,5,6,4,2,5,0
46,5,5,4,4,5,0
46,5,6,3,5,5,0
46,5,6,4,4,5,0
46,5,6,4,3,5,0
46,5,6,5,5,5,0
46,5,6,4,3,5,0
46,5,6,4,4,5,0
46,5,6,6,4,5,0
46,5,5,3,5,5,0
46,5,6,4,6,5,0
46,5,6,3,4,5,0
46,5,6,5,3,5,0
46,5,6,4,4,5,0
46,5,6,5,4,5,0
46,5,5,3,3,5,0
46,5,6,4,5,5,0
46,5,6,3,5,5,0
46,5,6,3,4,5,0
46,5,6,4,4,5,0
46,5,6,5,5,5,0
46,5,5,4,4,5,0
46,5,6,4,5,5,0
46,5,5,4,3,5,0
46,5,5,3,3,5,0
46,5,6,5,3,5,0
46,5,6,6,4,5,0
46,5,5,3,4,5,0
46,5,5,4,4,5,0
46,5,6,4,5,5,0
46,5,5,6,2,5,0
46,5,5,4,5,5,0
46,5,5,5,4,5,0
46,5,6,4,3,5,0
46,5,5,5,2,5,0
46,5,6,5,3,5,0
46,5,6,4,4,5,0
46,5,5,6,4,5,0
46,5,5,5,4,5,0
46,5,7,5,5,5,0
46,5,5,4,3,5,0
46,5,5,4,2,5,0
46,5,6,5,5,5,0
46,5,6,3,3,5,0
46,5,5,4,4,5,0
46,5,6,3,4,5,0
46,5,6,4,3,5,0
46,5,6,3,4,5,0
46,5,5,3,3,5,0
46,5,6,4,3,5,0
47,6,4,4,3,3,0
47,6,5,5,3,3,0
47,6,5,5,3,3,0
47,6,5,3,4,3,0
47,6,4,3,3,3,0
47,6,5,4,4,3,0
47,6,5,3,4,3,0
47,6,5,4,4,3,0
47,6,5,4,5,3,0
47,6,5,5,3,3,0
47,6,4,4,2,3,0
47,6,6,3,5,3,0
47,6,5,4,5,3,0
47,6,5,4,4,3,0
47,6,6,4,3,3,0
47,6,5,5,3,3,0
47,6,5,3,3,3,0
47,6,6,5,5,3,0
47,6,5,5,5,3,0
47,6,5,3,2,3,0
47,6,5,7,3,3,0
47,6,5,5,4,3,0
47,6,5,4,4,3,0
47,6,5,2,4,3,0
47,6,5,5,3,3,0
47,6,4,4,3,3,0
47,6,5,5,4,3,0
47,6,5,4,5,3,0
47,6,4,4,3,3,0
47,6,6,3,4,3,0
47,6,4,4,3,3,0
47,6,5,6,5,3,0
47,6,5,5,3,3,0
47,6,5,5,3,3,0
47,6,5,5,4,3,0
47,6,5,4,3,3,0
47,6,5,4,5,3,0
47,6,5,4,4,3,0
47,6,4,5,4,3,0
47,6,4,3,3,3,0
47,6,5,3,4,3,0
47,6,5,4,3,3,0
47,6,4,4,4,3,0
47,6,4,2,4,3,0
47,6,5,6,4,3,0
47,6,5,3,3,3,0
47,6,4,4,4,3,0
47,6,5,4,3,3,0
47,6,5,5,3,3,0
47,6,5,3,4,3,0
48,6,5,5,4,5,0
48,6,4,5,3,5,0
48,6,5,4,4,5,0
48,6,5,4,5,5,0
48,6,5,3,5,5,0
48,6,3,3,3,5,0
48,6,4,3,3,5,0
48,6,5,4,3,5,0
48,6,5,5,3,5,0
48,6,5,4,3,5,0
48,6,4,3,3,5,0
48,6,4,5,3,5,0
48,6,4,3,4,5,0
48,6,6,5,4,5,0
48,6,5,4,3,5,0
48,6,5,3,3,5,0
48,6,4,4,3,5,0
48,6,5,5,3,5,0
48,6,5,3,4,5,0
48,6,5,5,3,5,0
48,6,5,4,3,5,0
48,6,5,4,4,5,0
48,6,6,4,4,5,0
48,6,4,4,4,5,0
48,6,4,4,3,5,0
48,6,5,5,4,5,0
48,6,5,5,3,5,0
48,6,4,4,2,5,0
48,6,4,4,2,5,0
48,6,5,5,4,5,0
48,6,6,5,3,5,0
48,6,5,4,4,5,0
48,6,5,4,4,5,0
48,6,5,4,4,5,0
48,6,5,4,3,5,0
48,6,4,4,3,5,0
48,6,4,5,3,5,0
48,6,5,2,3,5,0
48,6,5,3,4,5,0
48,6,5,6,4,5,0
48,6,5,4,4,5,0
48,6,5,3,5,5,0
48,6,4,4,3,5,0
48,6,5,4,3,5,0
48,6,5,5,4,5,0
48,6,5,4,4,5,0
48,6,3,4,4,5,0
48,6,5,3,3,5,0
48,6,4,5,4,5,0
48,6,5,4,4,5,0
49,6,4,4,5,3,0
49,6,4,3,3,3,0
49,6,3,3,2,3,0
49,6,3,2,4,3,0
49,6,4,5,4,3,0
49,6,3,4,5,3,0
49,6,4,3,5,3,0
49,6,3,3,4,3,0
49,6,5,4,4,3,0
49,6,3,2,3,3,0
49,6,4,3,5,3,0
49,6,4,4,5,3,0
49,6,3,4,4,3,0
49,6,4,3,2,3,0
49,6,4,4,5,3,0
49,6,3,5,4,3,0
49,6,3,4,5,3,0
49,6,5,4,4,3,0
49,6,4,5,2,3,0
49,6,4,4,4,3,0
49,6,4,4,2,3,0
49,6,4,4,4,3,0
49,6,3,3,4,3,0
49,6,4,3,3,3,0
49,6,3,4,3,3,0
49,6,3,3,5,3,0
49,6,4,4,5,3,0
49,6,4,3,3,3,0
49,6,4,4,2,3,0
49,6,3,5,3,3,0
49,6,4,4,4,3,0
49,6,4,4,5,3,0
49,6,4,6,4,3,0
49,6,5,5,5,3,0
49,6,3,3,4,3,0
49,6,3,3,4,3,0
49,6,4,4,5,3,0
49,6,4,5,5,3,0
49,6,3,3,3,3,0
49,6,4,3,3,3,0
49,6,4,4,3,3,0
49,6,3,4,2,3,0
49,6,5,4,6,3,0
49,6,4,4,3,3,0
49,6,3,5,3,3,0
49,6,3,4,3,3,0
49,6,4,4,5,3,0
49,6,4,3,4,3,0
49,6,3,5,4,3,0
49,6,2,5,3,3,0
50,6,4,5,4,4,0
50,6,4,3,4,4,0
50,6,4,3,3,4,0
50,6,3,4,4,4,0
50,6,3,5,3,4,0
50,6,3,4,3,4,0
50,6,4,4,5,4,0
50,6,4,5,4,4,0
50,6,3,4,2,4,0
50,6,3,3,3,4,0
50,6,4,3,3,4,0
50,6,4,4,4,4,0
50,6,3,4,4,4,0
50,6,3,5,3,4,0
50,6,3,4,3,4,0
50,6,3,2,3,4,0
50,6,3,3,4,4,0
50,6,4,4,4,4,0
50,6,3,5,4,4,0
50,6,3,4,2,4,0
50,6,3,5,3,4,0
50,6,4,4,4,4,0
50,6,4,4,4,4,0
50,6,4,4,5,4,0
50,6,5,3,5,4,0
50,6,4,3,4,4,0
50,6,4,4,2,4,0
50,6,4,4,5,4,0
50,6,4,4,4,4,0
50,6,4,3,3,4,0
50,6,4,4,4,4,0
50,6,5,4,3,4,0
50,6,3,5,3,4,0
50,6,3,4,3,4,0
50,6,3,4,4,4,0
50,6,4,4,4,4,0
50,6,4,5,5,4,0
50,6,5,5,5,4,0
50,6,3,3,4,4,0
50,6,3,5,5,4,0
50,6,4,2,4,4,0
50,6,3,4,3,4,0
50,6,4,3,5,4,0
50,6,3,4,4,4,0
50,6,4,7,2,4,0
50,6,4,5,4,4,0
50,6,4,3,4,4,0
50,6,4,4,3,4,0
50,6,4,5,4,4,0
50,6,3,3,4,4,0
51,6,6,4,3,1,0
51,6,6,4,3,1,0
51,6,5,3,5,1,0
51,6,6,5,5,1,0
51,6,5,4,5,1,0
51,6,5,6,3,1,0
51,6,5,6,5,1,0
51,6,5,4,4,1,0
51,6,5,4,4,1,0
51,6,5,5,5,1,0
51,6,5,3,4,1,0
51,6,5,6,3,1,0
51,6,5,4,5,1,0
51,6,6,4,3,1,0
51,6,5,3,4,1,0
51,6,5,4,2,1,0
51,6,6,6,3,1,0
51,6,5,3,4,1,0
51,6,6,3,5,1,0
51,6,5,5,4,1,0
51,6,4,4,3,1,0
51,6,5,3,4,1,0
51,6,5,4,5,1,0
51,6,5,3,3,1,0
51,6,5,2,2,1,0
51,6,4,4,3,1,0
51,6,5,3,4,1,0
51,6,6,3,5,1,0
51,6,5,4,3,1,0
51,6,6,4,5,1,0
51,6,5,4,4,1,0
51,6,5,3,4,1,0
51,6,4,3,5,1,0
51,6,5,5,4,1,0
51,6,5,3,3,1,0
51,6,5,4,4,1,0
51,6,5,4,4,1,0
51,6,6,4,4,1,0
51,6,5,5,4,1,0
51,6,6,5,4,1,0
51,6,5,5,3,1,0
51,6,5,4,4,1,0
51,6,5,4,4,1,0
51,6,6,4,3,1,0
51,6,6,4,4,1,0
51,6,5,5,5,1,0
51,6,5,4,3,1,0
51,6,5,5,3,1,0
51,6,5,5,2,1,0
51,6,5,6,2,1,0
52,6,4,4,4,3,0
52,6,5,6,4,3,0
52,6,5,5,4,3,0
52,6,4,3,2,3,0
52,6,5,3,4,3,0
52,6,4,5,5,3,0
52,6,5,4,4,3,0
52,6,5,4,3,3,0
52,6,4,3,3,3,0
52,6,5,5,5,3,0
52,6,5,4,4,3,0
52,6,4,5,4,3,0
52,6,5,3,4,3,0
52,6,5,4,3,3,0
52,6,4,5,4,3,0
52,6,5,6,3,3,0
52,6,5,4,4,3,0
52,6,5,2,3,3,0
52,6,5,6,5,3,0
52,6,5,3,3,3,0
52,6,5,4,1,3,0
52,6,5,4,3,3,0
52,6,5,5,4,3,0
52,6,5,5,4,3,0
52,6,5,4,3,3,0
52,6,5,4,4,3,0
52,6,5,4,4,3,0
52,6,5,6,4,3,0
52,6,5,5,3,3,0
52,6,5,4,5,3,0
52,6,5,5,4,3,0
52,6,5,4,4,3,0
52,6,5,4,3,3,0
52,6,5,3,3,3,0
52,6,5,4,5,3,0
52,6,5,4,3,3,0
52,6,5,4,3,3,0
52,6,4,5,4,3,0
52,6,5,6,3,3,0
52,6,5,4,2,3,0
52,6,4,4,3,3,0
52,6,4,5,3,3,0
52,6,5,4,4,3,0
52,6,5,4,3,3,0
52,6,4,5,4,3,0
52,6,6,5,5,3,0
52,6,5,3,4,3,0
52,6,5,1,5,3,0
52,6,5,4,5,3,0
52,6,5,4,3,3,0
53,6,5,3,5,6,0
53,6,5,5,4,6,0
53,6,4,4,4,6,0
53,6,4,5,3,6,0
53,6,5,5,3,6,0
53,6,4,4,4,6,0
53,6,5,5,4,6,0
53,6,4,3,4,6,0
53,6,4,5,2,6,0
53,6,6,4,3,6,0
53,6,4,4,3,6,0
53,6,5,5,6,6,0
53,6,6,4,5,6,0
53,6,4,3,4,6,0
53,6,4,5,3,6,0
53,6,4,5,4,6,0
53,6,4,5,4,6,0
53,6,4,4,3,6,0
53,6,4,4,4,6,0
53,6,5,3,5,6,0
53,6,5,5,3,6,0
53,6,3,5,3,6,0
53,6,4,5,4,6,0
53,6,4,4,4,6,0
53,6,4,4,4,6,0
53,6,4,4,4,6,0
53,6,4,4,4,6,0
53,6,3,3,3,6,0
53,6,4,5,4,6,0
53,6,5,5,4,6,0
53,6,4,4,3,6,0
53,6,4,4,2,6,0
53,6,5,4,4,6,0
53,6,5,4,4,6,0
53,6,4,4,4,6,0
53,6,4,3,3,6,0
53,6,4,4,4,6,0
53,6,5,4,4,6,0
53,6,4,4,5,6,0
53,6,6,5,4,6,0
53,6,4,4,4,6,0
53,6,4,3,3,6,0
53,6,3,5,2,6,0
53,6,5,4,4,6,0
53,6,4,4,4,6,0
53,6,4,3,3,6,0
53,6,5,2,3,6,0
53,6,4,3,4,6,0
53,6,4,4,3,6,0
53,6,4,3,4,6,0
54,6,5,4,4,5,0
54,6,5,4,3,5,0
54,6,5,3,4,5,0
54,6,5,4,4,5,0
54,6,5,4,3,5,0
54,6,4,4,3,5,0
54,6,5,5,4,5,0
54,6,5,4,5,5,0
54,6,5,4,5,5,0
54,6,4,5,3,5,0
54,6,4,4,4,5,0
54,6,4,4,3,5,0
54,6,4,5,3,5,0
54,6,5,5,3,5,0
54,6,5,5,4,5,0
54,6,5,4,3,5,0
54,6,4,4,3,5,0
54,6,5,4,4,5,0
54,6,4,4,2,5,0
54,6,4,4,5,5,0
54,6,5,5,3,5,0
54,6,4,4,4,5,0
54,6,4,4,5,5,0
54,6,4,4,5,5,0
54,6,5,3,5,5,0
54,6,3,3,5,5,0
54,6,4,3,4,5,0
54,6,4,5,5,5,0
54,6,5,5,5,5,0
54,6,4,4,4,5,0
54,6,4,5,3,5,0
54,6,4,4,2,5,0
54,6,5,3,5,5,0
54,6,5,4,4,5,0
54,6,5,4,4,5,0
54,6,4,4,4,5,0
54,6,4,3,4,5,0
54,6,4,4,4,5,0
54,6,4,3,2,5,0
54,6,5,4,4,5,0
54,6,5,5,3,5,0
54,6,4,4,4,5,0
54,6,4,3,5,5,0
54,6,4,6,4,5,0
54,6,4,2,3,5,0
54,6,4,5,3,5,0
54,6,5,5,3,5,0
54,6,4,4,2,5,0
54,6,4,4,4,5,0
54,6,5,4,4,5,0
55,6,5,5,3,5,0
55,6,5,4,2,5,0
55,6,6,4,3,5,0
55,6,4,4,3,5,0
55,6,5,4,3,5,0
55,6,5,5,3,5,0
55,6,5,3,5,5,0
55,6,5,5,3,5,0
55,6,6,6,4,5,0
55,6,5,4,3,5,0
55,6,6,5,3,5,0
55,6,5,5,4,5,0
55,6,5,4,4,5,0
55,6,5,4,3,5,0
55,6,5,4,4,5,0
55,6,5,4,3,5,0
55,6,6,5,4,5,0
55,6,5,3,3,5,0
55,6,5,3,4,5,0
55,6,5,5,3,5,0
55,6,6,5,4,5,0
55,6,6,5,5,5,0
55,6,5,5,3,5,0
55,6,5,3,3,5,0
55,6,4,3,3,5,0
55,6,6,5,5,5,0
55,6,5,6,4,5,0
55,6,5,4,4,5,0
55,6,5,5,2,5,0
55,6,5,4,4,5,0
55,6,5,5,4,5,0
55,6,6,4,5,5,0
55,6,5,4,5,5,0
55,6,5,5,3,5,0
55,6,5,5,4,5,0
55,6,5,5,3,5,0
55,6,5,5,3,5,0
55,6,6,4,3,5,0
55,6,4,3,3,5,0
55,6,6,5,3,5,0
55,6,6,5,5,5,0
55,6,6,6,4,5,0
55,6,5,4,5,5,0
55,6,5,3,4,5,0
55,6,5,3,3,5,0
55,6,5,4,4,5,0
55,6,5,4,4,5,0
55,6,6,4,4,5,0
55,6,6,3,5,5,0
55,6,4,6,3,5,0
56,7,5,5,3,4,1
56,7,4,3,3,4,1
56,7,5,4,5,4,1
56,7,4,4,4,4,1
56,7,4,4,2,4,1
56,7,5,3,4,4,1
56,7,4,4,3,4,1
56,7,5,5,4,4,1
56,7,5,6,4,4,1
56,7,5,4,5,4,1
56,7,5,5,3,4,1
56,7,5,4,4,4,1
56,7,5,5,3,4,1
56,7,5,4,4,4,1
56,7,5,3,4,4,1
56,7,4,4,4,4,1
56,7,5,3,3,4,1
56,7,4,5,3,4,1
56,7,5,4,3,4,1
56,7,5,3,5,4,1
56,7,5,4,3,4,1
56,7,5,4,4,4,1
56,7,5,3,1,4,1
56,7,4,5,5,4,1
56,7,4,4,5,4,1
56,7,4,5,3,4,1
56,7,4,5,3,4,1
56,7,5,6,5,4,1
56,7,4,3,3,4,1
56,7,5,3,5,4,1
56,7,3,3,4,4,1
56,7,4,4,3,4,1
56,7,5,5,4,4,1
56,7,4,4,3,4,1
56,7,5,3,3,4,1
56,7,5,3,5,4,1
56,7,4,3,3,4,1
56,7,5,3,4,4,1
56,7,4,4,4,4,1
56,7,5,5,4,4,1
56,7,4,4,3,4,1
56,7,4,5,4,4,1
56,7,5,5,4,4,1
56,7,4,4,2,4,1
56,7,5,4,5,4,1
56,7,5,3,5,4,1
56,7,3,4,5,4,1
56,7,5,2,4,4,1
56,7,4,4,5,4,1
56,7,5,4,3,4,1
57,7,4,4,4,7,1
57,7,5,4,3,7,1
57,7,4,4,4,7,1
57,7,5,6,5,7,1
57,7,5,5,5,7,1
57,7,4,5,4,7,1
57,7,4,6,4,7,1
57,7,5,3,4,7,1
57,7,5,4,4,7,1
57,7,4,4,3,7,1
57,7,5,4,4,7,1
57,7,4,4,2,7,1
57,7,5,3,3,7,1
57,7,3,6,3,7,1
57,7,5,5,3,7,1
57,7,4,5,4,7,1
57,7,5,5,4,7,1
57,7,4,4,4,7,1
57,7,5,4,4,7,1
57,7,5,4,5,7,1
57,7,4,4,3,7,1
57,7,5,5,3,7,1
57,7,5,5,4,7,1
57,7,4,4,3,7,1
57,7,4,3,2,7,1
57,7,5,5,4,7,1
57,7,4,5,4,7,1
57,7,5,6,3,7,1
57,7,4,5,4,7,1
57,7,4,3,3,7,1
57,7,5,5,4,7,1
57,7,4,5,3,7,1
57,7,5,4,5,7,1
57,7,5,4,3,7,1
57,7,4,4,4,7,1
57,7,4,5,4,7,1
57,7,5,4,4,7,1
57,7,4,3,3,7,1
57,7,4,4,3,7,1
57,7,5,4,4,7,1
57,7,4,4,4,7,1
57,7,4,5,3,7,1
57,7,4,5,3,7,1
57,7,5,3,4,7,1
57,7,4,5,3,7,1
57,7,4,4,4,7,1
57,7,4,4,5,7,1
57,7,4,5,4,7,1
57,7,4,4,4,7,1
57,7,4,5,4,7,1
58,7,4,4,4,7,1
58,7,3,4,4,7,1
58,7,5,4,4,7,1
58,7,5,3,5,7,1
58,7,4,4,4,7,1
58,7,4,3,3,7,1
58,7,5,5,4,7,1
58,7,4,6,3,7,1
58,7,5,3,5,7,1
58,7,5,4,4,7,1
58,7,3,4,3,7,1
58,7,4,5,3,7,1
58,7,4,2,4,7,1
58,7,5,5,3,7,1
58,7,5,3,4,7,1
58,7,5,4,3,7,1
58,7,4,4,3,7,1
58,7,4,5,4,7,1
58,7,4,5,3,7,1
58,7,4,4,4,7,1
58,7,5,5,3,7,1
58,7,4,4,4,7,1
58,7,4,4,3,7,1
58,7,5,3,4,7,1
58,7,4,3,2,7,1
58,7,4,4,3,7,1
58,7,5,4,4,7,1
58,7,4,3,3,7,1
58,7,4,5,4,7,1
58,7,4,4,4,7,1
58,7,4,5,3,7,1
58,7,4,4,4,7,1
58,7,5,4,4,7,1
58,7,4,4,3,7,1
58,7,5,4,4,7,1
58,7,4,3,3,7,1
58,7,4,3,4,7,1
58,7,5,4,3,7,1
58,7,5,3,5,7,1
58,7,5,5,4,7,1
58,7,4,4,3,7,1
58,7,4,3,4,7,1
58,7,6,4,4,7,1
58,7,5,4,4,7,1
58,7,4,5,3,7,1
58,7,5,5,3,7,1
58,7,4,4,4,7,1
58,7,4,4,4,7,1
58,7,4,4,4,7,1
58,7,5,5,5,7,1
59,7,5,4,2,7,1
59,7,5,4,5,7,1
59,7,5,4,4,7,1
59,7,6,3,4,7,1
59,7,6,3,4,7,1
59,7,5,2,4,7,1
59,7,6,5,3,7,1
59,7,6,4,5,7,1
59,7,6,4,3,7,1
59,7,5,3,5,7,1
59,7,5,5,4,7,1
59,7,5,5,4,7,1
59,7,5,3,4,7,1
59,7,5,2,4,7,1
59,7,5,5,4,7,1
59,7,5,5,3,7,1
59,7,4,4,3,7,1
59,7,4,3,3,7,1
59,7,5,4,3,7,1
59,7,5,5,4,7,1
59,7,5,6,5,7,1
59,7,5,4,3,7,1
59,7,5,5,4,7,1
59,7,6,4,3,7,1
59,7,5,3,4,7,1
59,7,6,3,4,7,1
59,7,5,4,4,7,1
59,7,6,3,4,7,1
59,7,4,4,3,7,1
59,7,5,4,5,7,1
59,7,5,3,4,7,1
59,7,4,6,5,7,1
59,7,5,2,4,7,1
59,7,6,6,5,7,1
59,7,5,3,4,7,1
59,7,5,3,4,7,1
59,7,6,5,4,7,1
59,7,4,3,3,7,1
59,7,5,3,3,7,1
59,7,6,4,4,7,1
59,7,6,5,4,7,1
59,7,5,4,5,7,1
59,7,5,3,3,7,1
59,7,6,4,4,7,1
59,7,5,5,4,7,1
59,7,5,5,4,7,1
59,7,4,5,3,7,1
59,7,5,4,5,7,1
59,7,5,4,3,7,1
59,7,5,5,4,7,1
60,7,4,5,3,7,1
60,7,4,3,2,7,1
60,7,5,5,3,7,1
60,7,5,5,4,7,1
60,7,4,5,3,7,1
60,7,5,4,3,7,1
60,7,5,4,3,7,1
60,7,6,4,4,7,1
60,7,5,5,2,7,1
60,7,5,4,3,7,1
60,7,5,5,4,7,1
60,7,5,4,3,7,1
60,7,5,4,4,7,1
60,7,6,4,5,7,1
60,7,4,3,2,7,1
60,7,5,3,3,7,1
60,7,6,4,4,7,1
60,7,5,4,3,7,1
60,7,5,4,4,7,1
60,7,5,5,4,7,1
60,7,4,4,3,7,1
60,7,4,2,4,7,1
60,7,4,3,5,7,1
60,7,5,3,5,7,1
60,7,5,4,4,7,1
60,7,5,5,4,7,1
60,7,4,2,2,7,1
60,7,5,3,4,7,1
60,7,5,4,3,7,1
60,7,5,4,4,7,1
60,7,4,5,2,7,1
60,7,4,4,2,7,1
60,7,6,6,4,7,1
60,7,5,4,3,7,1
60,7,5,4,4,7,1
60,7,4,3,4,7,1
60,7,5,4,3,7,1
60,7,6,5,5,7,1
60,7,6,4,5,7,1
60,7,4,2,2,7,1
60,7,5,3,4,7,1
60,7,4,5,3,7,1
60,7,5,5,3,7,1
60,7,5,4,3,7,1
60,7,3,4,3,7,1
60,7,4,4,4,7,1
60,7,5,4,5,7,1
60,7,5,4,5,7,1
60,7,4,2,2,7,1
60,7,5,4,4,7,1
61,7,4,5,3,4,1
61,7,3,3,4,4,1
61,7,4,3,4,4,1
61,7,3,4,3,4,1
61,7,3,4,4,4,1
61,7,3,4,4,4,1
61,7,4,6,3,4,1
61,7,4,4,4,4,1
61,7,4,5,3,4,1
61,7,4,4,5,4,1
61,7,4,3,4,4,1
61,7,5,5,4,4,1
61,7,4,4,4,4,1
61,7,3,5,4,4,1
61,7,3,4,4,4,1
61,7,4,4,3,4,1
61,7,4,4,4,4,1
61,7,4,5,4,4,1
61,7,4,4,3,4,1
61,7,4,3,4,4,1
61,7,4,5,4,4,1
61,7,4,6,4,4,1
61,7,4,6,5,4,1
61,7,4,4,3,4,1
61,7,4,4,3,4,1
61,7,3,5,3,4,1
61,7,5,3,3,4,1
61,7,3,4,4,4,1
61,7,4,3,4,4,1
61,7,3,3,3,4,1
61,7,4,4,3,4,1
61,7,3,4,4,4,1
61,7,4,3,3,4,1
61,7,4,4,4,4,1
61,7,4,4,4,4,1
61,7,4,3,3,4,1
61,7,4,3,3,4,1
61,7,4,4,3,4,1
61,7,4,5,4,4,1
61,7,4,4,5,4,1
61,7,4,5,3,4,1
61,7,4,4,4,4,1
61,7,4,6,3,4,1
61,7,4,5,4,4,1
61,7,4,4,3,4,1
61,7,4,3,4,4,1
61,7,4,3,4,4,1
61,7,4,4,2,4,1
61,7,4,4,3,4,1
61,7,3,5,4,4,1
62,7,3,5,4,4,1
62,7,3,5,5,4,1
62,7,4,3,6,4,1
62,7,4,4,4,4,1
62,7,4,4,3,4,1
62,7,4,5,4,4,1
62,7,4,5,5,4,1
62,7,3,4,4,4,1
62,7,3,4,4,4,1
62,7,4,4,4,4,1
62,7,3,4,5,4,1
62,7,3,4,4,4,1
62,7,4,6,3,4,1
62,7,3,4,3,4,1
62,7,4,5,5,4,1
62,7,3,4,3,4,1
62,7,3,4,3,4,1
62,7,3,3,3,4,1
62,7,3,4,4,4,1
62,7,4,6,5,4,1
62,7,4,3,4,4,1
62,7,3,4,4,4,1
62,7,3,5,4,4,1
62,7,3,3,3,4,1
62,7,4,3,4,4,1
62,7,3,5,4,4,1
62,7,3,5,3,4,1
62,7,4,4,3,4,1
62,7,3,5,3,4,1
62,7,3,3,3,4,1
62,7,3,5,4,4,1
62,7,3,4,4,4,1
62,7,3,4,4,4,1
62,7,4,5,4,4,1
62,7,4,4,4,4,1
62,7,4,4,4,4,1
62,7,3,4,4,4,1
62,7,3,4,4,4,1
62,7,4,3,4,4,1
62,7,4,5,3,4,1
62,7,3,4,4,4,1
62,7,3,4,4,4,1
62,7,3,4,4,4,1
62,7,3,3,5,4,1
62,7,3,5,3,4,1
62,7,3,3,5,4,1
62,7,3,3,4,4,1
62,7,3,4,3,4,1
62,7,3,4,4,4,1
62,7,3,3,4,4,1
63,7,3,3,4,4,1
63,7,2,4,4,4,1
63,7,3,5,4,4,1
63,7,3,4,3,4,1
63,7,3,5,4,4,1
63,7,3,4,3,4,1
63,7,4,4,3,4,1
63,7,3,4,3,4,1
63,7,3,5,3,4,1
63,7,3,5,4,4,1
63,7,4,4,4,4,1
63,7,3,4,4,4,1
63,7,3,3,3,4,1
63,7,3,3,2,4,1
63,7,4,5,5,4,1
63,7,4,5,3,4,1
63,7,3,5,3,4,1
63,7,2,4,3,4,1
63,7,2,4,3,4,1
63,7,4,2,3,4,1
63,7,3,3,5,4,1
63,7,3,3,4,4,1
63,7,3,5,2,4,1
63,7,3,4,4,4,1
63,7,3,5,4,4,1
63,7,3,4,4,4,1
63,7,3,5,2,4,1
63,7,3,2,3,4,1
63,7,3,4,3,4,1
63,7,3,5,3,4,1
63,7,4,4,4,4,1
63,7,3,5,5,4,1
63,7,4,5,4,4,1
63,7,3,4,3,4,1
63,7,4,4,4,4,1
63,7,4,5,3,4,1
63,7,3,3,6,4,1
63,7,4,4,4,4,1
63,7,3,4,3,4,1
63,7,4,5,4,4,1
63,7,2,4,5,4,1
63,7,3,5,4,4,1
63,7,2,3,4,4,1
63,7,3,3,5,4,1
63,7,4,4,4,4,1
63,7,4,4,3,4,1
63,7,3,5,2,4,1
63,7,3,4,4,4,1
63,7,3,3,3,4,1
63,7,4,5,3,4,1
64,7,3,4,3,6,1
64,7,4,3,3,6,1
64,7,4,3,4,6,1
64,7,5,5,5,6,1
64,7,4,3,4,6,1
64,7,5,4,5,6,1
64,7,4,5,4,6,1
64,7,4,5,3,6,1
64,7,4,4,4,6,1
64,7,3,4,3,6,1
64,7,4,4,4,6,1
64,7,4,4,4,6,1
64,7,4,3,3,6,1
64,7,3,5,3,6,1
64,7,4,5,3,6,1
64,7,4,3,4,6,1
64,7,3,4,3,6,1
64,7,4,4,4,6,1
64,7,3,5,3,6,1
64,7,3,5,3,6,1
64,7,3,4,2,6,1
64,7,5,4,4,6,1
64,7,4,3,3,6,1
64,7,5,4,5,6,1
64,7,3,4,3,6,1
64,7,4,4,4,6,1
64,7,4,6,3,6,1
64,7,4,4,3,6,1
64,7,5,3,4,6,1
64,7,4,4,5,6,1
64,7,4,4,5,6,1
64,7,4,3,6,6,1
64,7,4,4,4,6,1
64,7,4,4,4,6,1
64,7,5,5,4,6,1
64,7,4,4,5,6,1
64,7,4,3,3,6,1
64,7,4,5,4,6,1
64,7,4,5,4,6,1
64,7,3,6,3,6,1
64,7,4,4,5,6,1
64,7,4,6,4,6,1
64,7,4,5,4,6,1
64,7,4,5,4,6,1
64,7,3,4,4,6,1
64,7,3,4,5,6,1
64,7,5,3,2,6,1
64,7,4,4,4,6,1
64,7,4,4,3,6,1
64,7,4,4,2,6,1
65,7,5,5,4,3,1
65,7,4,4,4,3,1
65,7,5,5,6,3,1
65,7,5,4,6,3,1
65,7,5,3,4,3,1
65,7,5,3,5,3,1
65,7,5,5,3,3,1
65,7,5,5,3,3,1
65,7,5,3,2,3,1
65,7,5,4,3,3,1
65,7,5,3,3,3,1
65,7,5,5,4,3,1
65,7,6,5,4,3,1
65,7,5,4,4,3,1
65,7,5,5,4,3,1
65,7,4,3,4,3,1
65,7,4,4,3,3,1
65,7,5,3,5,3,1
65,7,5,4,4,3,1
65,7,5,4,4,3,1
65,7,4,3,4,3,1
65,7,5,4,3,3,1
65,7,5,4,4,3,1
65,7,4,4,3,3,1
65,7,5,4,5,3,1
65,7,5,4,3,3,1
65,7,4,5,4,3,1
65,7,6,4,4,3,1
65,7,4,4,4,3,1
65,7,4,4,3,3,1
65,7,6,4,5,3,1
65,7,4,6,4,3,1
65,7,4,3,4,3,1
65,7,4,4,4,3,1
65,7,5,4,4,3,1
65,7,5,4,4,3,1
65,7,4,4,3,3,1
65,7,5,2,4,3,1
65,7,5,5,3,3,1
65,7,6,4,5,3,1
65,7,5,4,4,3,1
65,7,5,4,3,3,1
65,7,4,4,4,3,1
65,7,6,2,3,3,1
65,7,4,5,3,3,1
65,7,5,5,5,3,1
65,7,5,3,3,3,1
65,7,5,4,4,3,1
65,7,5,4,4,3,1
65,7,5,4,4,3,1
66,7,3,5,2,7,1
66,7,3,5,5,7,1
66,7,3,4,4,7,1
66,7,4,5,4,7,1
66,7,4,4,3,7,1
66,7,4,4,3,7,1
66,7,4,5,3,7,1
66,7,4,4,5,7,1
66,7,4,5,4,7,1
66,7,4,5,4,7,1
66,7,3,4,4,7,1
66,7,3,3,3,7,1
66,7,4,3,5,7,1
66,7,3,3,4,7,1
66,7,4,3,3,7,1
66,7,4,4,4,7,1
66,7,5,3,6,7,1
66,7,3,3,3,7,1
66,7,4,4,3,7,1
66,7,4,4,6,7,1
66,7,3,4,3,7,1
66,7,4,5,3,7,1
66,7,4,6,4,7,1
66,7,3,3,4,7,1
66,7,3,5,2,7,1
66,7,4,4,4,7,1
66,7,4,4,3,7,1
66,7,4,4,3,7,1
66,7,4,5,4,7,1
66,7,3,5,4,7,1
66,7,3,4,4,7,1
66,7,3,5,2,7,1
66,7,4,4,4,7,1
66,7,4,3,5,7,1
66,7,4,4,3,7,1
66,7,4,5,4,7,1
66,7,4,4,3,7,1
66,7,3,4,3,7,1
66,7,3,3,5,7,1
66,7,3,4,4,7,1
66,7,4,4,4,7,1
66,7,5,5,4,7,1
66,7,4,5,5,7,1
66,7,3,1,3,7,1
66,7,3,3,3,7,1
66,7,3,4,3,7,1
66,7,3,3,4,7,1
66,7,4,5,4,7,1
66,7,4,3,3,7,1
66,7,5,4,5,7,1
67,8,3,4,4,4,1
67,8,4,4,4,4,1
67,8,4,4,5,4,1
67,8,3,5,3,4,1
67,8,4,4,4,4,1
67,8,3,4,2,4,1
67,8,3,4,4,4,1
67,8,5,5,3,4,1
67,8,4,3,5,4,1
67,8,4,4,5,4,1
67,8,4,4,3,4,1
67,8,4,3,5,4,1
67,8,5,3,4,4,1
67,8,4,5,3,4,1
67,8,4,5,4,4,1
67,8,4,5,4,4,1
67,8,4,4,5,4,1
67,8,4,4,5,4,1
67,8,4,5,4,4,1
67,8,4,3,5,4,1
67,8,3,2,4,4,1
67,8,4,5,5,4,1
67,8,4,3,3,4,1
67,8,3,4,4,4,1
67,8,3,4,4,4,1
67,8,3,4,4,4,1
67,8,4,3,4,4,1
67,8,3,5,5,4,1
67,8,4,6,4,4,1
67,8,4,4,4,4,1
67,8,4,4,4,4,1
67,8,3,5,5,4,1
67,8,3,3,3,4,1
67,8,5,5,5,4,1
67,8,4,3,3,4,1
67,8,3,6,5,4,1
67,8,4,4,3,4,1
67,8,4,4,4,4,1
67,8,4,4,3,4,1
67,8,4,3,3,4,1
67,8,3,3,3,4,1
67,8,4,5,4,4,1
67,8,3,6,4,4,1
67,8,4,4,4,4,1
67,8,3,4,3,4,1
67,8,3,3,5,4,1
67,8,3,4,3,4,1
67,8,4,4,3,4,1
67,8,4,5,4,4,1
67,8,3,3,3,4,1
68,8,5,4,4,1,1
68,8,5,4,4,1,1
68,8,4,4,3,1,1
68,8,4,5,4,1,1
68,8,5,5,4,1,1
68,8,3,2,3,1,1
68,8,5,4,5,1,1
68,8,5,5,4,1,1
68,8,5,4,4,1,1
68,8,4,4,5,1,1
68,8,4,5,4,1,1
68,8,5,4,5,1,1
68,8,4,4,4,1,1
68,8,5,4,3,1,1
68,8,5,4,4,1,1
68,8,4,4,3,1,1
68,8,4,4,5,1,1
68,8,5,4,3,1,1
68,8,4,3,4,1,1
68,8,4,4,4,1,1
68,8,5,4,4,1,1
68,8,5,4,5,1,1
68,8,4,4,3,1,1
68,8,5,3,4,1,1
68,8,4,4,4,1,1
68,8,4,4,4,1,1
68,8,4,4,5,1,1
68,8,4,5,5,1,1
68,8,5,4,5,1,1
68,8,3,2,4,1,1
68,8,5,4,3,1,1
68,8,5,5,4,1,1
68,8,5,4,4,1,1
68,8,5,4,4,1,1
68,8,4,3,3,1,1
68,8,5,3,5,1,1
68,8,5,3,3,1,1
68,8,4,4,5,1,1
68,8,5,4,4,1,1
68,8,5,4,5,1,1
68,8,4,4,4,1,1
68,8,5,3,4,1,1
68,8,4,5,2,1,1
68,8,4,3,4,1,1
68,8,4,5,4,1,1
68,8,4,2,3,1,1
68,8,4,3,4,1,1
68,8,4,3,5,1,1
68,8,4,4,2,1,1
68,8,5,3,3,1,1
69,8,5,3,3,2,1
69,8,5,4,4,2,1
69,8,5,4,5,2,1
69,8,5,5,3,2,1
69,8,5,4,4,2,1
69,8,5,2,3,2,1
69,8,5,2,2,2,1
69,8,5,4,3,2,1
69,8,6,4,5,2,1
69,8,5,4,3,2,1
69,8,5,4,4,2,1
69,8,4,3,4,2,1
69,8,4,4,4,2,1
69,8,5,5,4,2,1
69,8,5,3,4,2,1
69,8,5,4,4,2,1
69,8,6,5,3,2,1
69,8,5,4,4,2,1
69,8,6,4,3,2,1
69,8,5,5,5,2,1
69,8,5,3,3,2,1
69,8,5,4,4,2,1
69,8,6,5,3,2,1
69,8,5,4,3,2,1
69,8,5,3,3,2,1
69,8,5,4,3,2,1
69,8,5,5,4,2,1
69,8,5,4,4,2,1
69,8,5,4,2,2,1
69,8,5,4,4,2,1
69,8,5,4,4,2,1
69,8,5,5,4,2,1
69,8,5,4,4,2,1
69,8,5,5,3,2,1
69,8,5,4,3,2,1
69,8,5,5,3,2,1
69,8,6,5,4,2,1
69,8,5,4,4,2,1
69,8,5,4,4,2,1
69,8,5,4,3,2,1
69,8,5,4,4,2,1
69,8,5,4,5,2,1
69,8,5,4,4,2,1
69,8,5,3,4,2,1
69,8,5,5,4,2,1
69,8,4,3,3,2,1
69,8,5,5,3,2,1
69,8,5,4,4,2,1
69,8,5,5,5,2,1
69,8,5,6,4,2,1
70,8,5,6,4,6,1
70,8,5,4,4,6,1
70,8,5,5,4,6,1
70,8,5,4,5,6,1
70,8,4,4,4,6,1
70,8,5,5,4,6,1
70,8,5,5,3,6,1
70,8,4,5,4,6,1
70,8,5,5,3,6,1
70,8,6,4,4,6,1
70,8,5,4,3,6,1
70,8,4,3,2,6,1
70,8,6,6,4,6,1
70,8,5,4,4,6,1
70,8,5,4,5,6,1
70,8,5,6,2,6,1
70,8,6,5,4,6,1
70,8,5,3,3,6,1
70,8,5,4,3,6,1
70,8,5,3,4,6,1
70,8,5,5,3,6,1
70,8,6,3,6,6,1
70,8,5,5,4,6,1
70,8,5,5,4,6,1
70,8,5,5,4,6,1
70,8,5,6,3,6,1
70,8,5,4,4,6,1
70,8,5,2,4,6,1
70,8,6,5,4,6,1
70,8,5,4,3,6,1
70,8,5,4,3,6,1
70,8,5,4,3,6,1
70,8,5,5,3,6,1
70,8,4,4,5,6,1
70,8,5,3,4,6,1
70,8,6,5,5,6,1
70,8,5,5,4,6,1
70,8,5,4,4,6,1
70,8,6,4,3,6,1
70,8,5,3,4,6,1
70,8,5,4,3,6,1
70,8,5,2,5,6,1
70,8,5,4,4,6,1
70,8,5,4,2,6,1
70,8,5,4,4,6,1
70,8,5,5,5,6,1
70,8,6,4,4,6,1
70,8,5,3,5,6,1
70,8,5,4,3,6,1
70,8,5,4,4,6,1
71,8,3,4,4,5,1
71,8,3,4,3,5,1
71,8,4,6,4,5,1
71,8,3,5,5,5,1
71,8,3,3,3,5,1
71,8,4,4,5,5,1
71,8,4,3,4,5,1
71,8,4,4,4,5,1
71,8,4,3,5,5,1
71,8,5,4,4,5,1
71,8,4,5,4,5,1
71,8,4,5,4,5,1
71,8,4,3,4,5,1
71,8,3,4,3,5,1
71,8,3,5,3,5,1
71,8,4,6,4,5,1
71,8,4,4,4,5,1
71,8,3,4,4,5,1
71,8,3,4,3,5,1
71,8,4,3,4,5,1
71,8,5,5,3,5,1
71,8,4,4,4,5,1
71,8,4,3,3,5,1
71,8,4,2,3,5,1
71,8,3,5,3,5,1
71,8,5,5,4,5,1
71,8,3,4,3,5,1
71,8,4,4,3,5,1
71,8,4,5,3,5,1
71,8,3,4,4,5,1
71,8,4,3,3,5,1
71,8,4,3,5,5,1
71,8,4,3,4,5,1
71,8,3,4,4,5,1
71,8,3,4,6,5,1
71,8,3,3,5,5,1
71,8,3,3,5,5,1
71,8,4,5,4,5,1
71,8,3,4,3,5,1
71,8,3,5,4,5,1
71,8,4,5,4,5,1
71,8,4,4,4,5,1
71,8,4,5,2,5,1
71,8,4,3,5,5,1
71,8,3,4,3,5,1
71,8,3,4,4,5,1
71,8,4,4,4,5,1
71,8,4,4,3,5,1
71,8,3,5,4,5,1
71,8,4,6,3,5,1
72,8,3,4,4,2,1
72,8,4,5,3,2,1
72,8,4,4,4,2,1
72,8,4,3,5,2,1
72,8,4,4,3,2,1
72,8,4,4,3,2,1
72,8,4,6,3,2,1
72,8,4,4,2,2,1
72,8,4,4,5,2,1
72,8,4,4,5,2,1
72,8,4,3,3,2,1
72,8,4,4,4,2,1
72,8,3,4,3,2,1
72,8,4,5,4,2,1
72,8,4,5,5,2,1
72,8,4,3,4,2,1
72,8,4,4,5,2,1
72,8,4,3,4,2,1
72,8,4,4,5,2,1
72,8,3,4,2,2,1
72,8,4,2,4,2,1
72,8,3,4,3,2,1
72,8,3,4,4,2,1
72,8,3,5,3,2,1
72,8,4,3,3,2,1
72,8,4,5,4,2,1
72,8,4,4,4,2,1
72,8,4,3,6,2,1
72,8,3,4,3,2,1
72,8,4,3,2,2,1
72,8,3,4,3,2,1
72,8,3,4,3,2,1
72,8,4,4,3,2,1
72,8,3,4,2,2,1
72,8,3,5,3,2,1
72,8,4,5,3,2,1
72,8,3,4,3,2,1
72,8,4,4,3,2,1
72,8,4,5,4,2,1
72,8,4,4,5,2,1
72,8,4,4,4,2,1
72,8,4,4,4,2,1
72,8,3,5,3,2,1
72,8,4,4,4,2,1
72,8,3,3,4,2,1
72,8,4,4,3,2,1
72,8,3,5,3,2,1
72,8,4,5,5,2,1
72,8,3,4,4,2,1
72,8,4,3,4,2,1
73,8,5,4,3,2,1
73,8,4,3,3,2,1
73,8,5,4,5,2,1
73,8,4,4,4,2,1
73,8,5,5,3,2,1
73,8,5,3,3,2,1
73,8,5,4,4,2,1
73,8,5,5,6,2,1
73,8,4,5,2,2,1
73,8,6,6,5,2,1
73,8,4,4,3,2,1
73,8,5,4,5,2,1
73,8,5,4,3,2,1
73,8,5,5,3,2,1
73,8,4,4,2,2,1
73,8,5,4,4,2,1
73,8,5,4,3,2,1
73,8,5,4,4,2,1
73,8,4,3,4,2,1
73,8,5,4,3,2,1
73,8,5,5,5,2,1
73,8,4,5,5,2,1
73,8,4,3,4,2,1
73,8,5,5,3,2,1
73,8,5,4,2,2,1
73,8,5,6,4,2,1
73,8,5,4,4,2,1
73,8,5,3,2,2,1
73,8,4,4,3,2,1
73,8,5,4,4,2,1
73,8,5,3,4,2,1
73,8,5,5,4,2,1
73,8,6,6,4,2,1
73,8,5,4,4,2,1
73,8,5,3,3,2,1
73,8,5,4,4,2,1
73,8,4,5,3,2,1
73,8,4,3,4,2,1
73,8,5,3,3,2,1
73,8,5,3,5,2,1
73,8,5,3,5,2,1
73,8,4,3,4,2,1
73,8,5,5,4,2,1
73,8,5,4,2,2,1
73,8,4,3,4,2,1
73,8,5,3,4,2,1
73,8,4,4,4,2,1
73,8,5,5,5,2,1
73,8,5,5,3,2,1
73,8,5,4,3,2,1
74,8,4,3,3,4,1
74,8,4,6,4,4,1
74,8,4,3,3,4,1
74,8,4,4,3,4,1
74,8,3,4,3,4,1
74,8,3,4,5,4,1
74,8,5,4,4,4,1
74,8,3,3,4,4,1
74,8,3,3,5,4,1
74,8,3,3,3,4,1
74,8,3,4,3,4,1
74,8,4,5,4,4,1
74,8,4,5,4,4,1
74,8,3,4,3,4,1
74,8,3,2,4,4,1
74,8,4,5,3,4,1
74,8,4,3,3,4,1
74,8,4,3,5,4,1
74,8,4,4,5,4,1
74,8,3,4,3,4,1
74,8,4,4,5,4,1
74,8,3,4,4,4,1
74,8,3,2,4,4,1
74,8,3,5,5,4,1
74,8,4,5,3,4,1
74,8,4,4,3,4,1
74,8,4,3,3,4,1
74,8,4,5,4,4,1
74,8,3,3,5,4,1
74,8,4,6,3,4,1
74,8,3,3,4,4,1
74,8,4,4,3,4,1
74,8,3,5,3,4,1
74,8,3,3,4,4,1
74,8,3,3,3,4,1
74,8,4,4,4,4,1
74,8,5,5,5,4,1
74,8,4,4,3,4,1
74,8,4,4,4,4,1
74,8,4,2,5,4,1
74,8,3,4,3,4,1
74,8,4,2,3,4,1
74,8,5,5,3,4,1
74,8,3,4,4,4,1
74,8,3,3,4,4,1
74,8,2,3,3,4,1
74,8,4,3,4,4,1
74,8,3,5,4,4,1
74,8,4,5,3,4,1
74,8,4,4,4,4,1
75,8,2,3,4,7,1
75,8,3,3,3,7,1
75,8,4,4,4,7,1
75,8,5,4,4,7,1
75,8,4,3,3,7,1
75,8,4,4,4,7,1
75,8,4,4,5,7,1
75,8,4,4,4,7,1
75,8,5,6,4,7,1
75,8,4,4,4,7,1
75,8,3,4,4,7,1
75,8,4,3,3,7,1
75,8,4,4,3,7,1
75,8,4,3,4,7,1
75,8,4,4,4,7,1
75,8,3,6,3,7,1
75,8,3,5,4,7,1
75,8,4,4,2,7,1
75,8,3,4,5,7,1
75,8,5,5,5,7,1
75,8,4,4,4,7,1
75,8,3,4,3,7,1
75,8,4,3,4,7,1
75,8,4,3,4,7,1
75,8,5,5,5,7,1
75,8,4,4,4,7,1
75,8,4,3,3,7,1
75,8,4,4,4,7,1
75,8,4,3,3,7,1
75,8,3,3,3,7,1
75,8,3,4,3,7,1
75,8,4,3,3,7,1
75,8,4,3,4,7,1
75,8,5,4,4,7,1
75,8,4,2,3,7,1
75,8,3,4,3,7,1
75,8,4,4,6,7,1
75,8,3,4,2,7,1
75,8,5,4,4,7,1
75,8,4,3,3,7,1
75,8,5,4,4,7,1
75,8,4,5,5,7,1
75,8,4,4,4,7,1
75,8,4,3,5,7,1
75,8,5,4,4,7,1
75,8,5,3,4,7,1
75,8,5,5,6,7,1
75,8,4,4,4,7,1
75,8,4,4,5,7,1
75,8,5,5,5,7,1
76,9,3,5,4,3,1
76,9,4,5,4,3,1
76,9,4,4,3,3,1
76,9,4,5,3,3,1
76,9,5,4,3,3,1
76,9,5,4,3,3,1
76,9,4,4,3,3,1
76,9,5,4,3,3,1
76,9,4,3,3,3,1
76,9,4,5,3,3,1
76,9,5,4,3,3,1
76,9,4,5,4,3,1
76,9,4,3,4,3,1
76,9,4,4,3,3,1
76,9,5,5,3,3,1
76,9,5,3,5,3,1
76,9,4,5,5,3,1
76,9,4,4,4,3,1
76,9,5,5,4,3,1
76,9,5,5,5,3,1
76,9,4,4,4,3,1
76,9,4,5,4,3,1
76,9,4,4,5,3,1
76,9,5,5,3,3,1
76,9,3,5,4,3,1
76,9,4,2,3,3,1
76,9,4,5,5,3,1
76,9,4,4,4,3,1
76,9,4,4,4,3,1
76,9,6,4,4,3,1
76,9,4,3,4,3,1
76,9,5,4,4,3,1
76,9,4,4,3,3,1
76,9,5,4,5,3,1
76,9,4,4,5,3,1
76,9,5,4,4,3,1
76,9,5,5,4,3,1
76,9,4,4,3,3,1
76,9,5,4,4,3,1
76,9,4,5,3,3,1
76,9,4,2,5,3,1
76,9,4,4,3,3,1
76,9,4,4,3,3,1
76,9,5,3,5,3,1
76,9,4,5,4,3,1
76,9,4,4,4,3,1
76,9,4,4,4,3,1
76,9,4,4,3,3,1
76,9,4,5,5,3,1
76,9,4,4,3,3,1
77,9,4,5,4,3,1
77,9,4,5,4,3,1
77,9,5,3,4,3,1
77,9,4,6,4,3,1
77,9,4,5,2,3,1
77,9,4,4,4,3,1
77,9,5,5,4,3,1
77,9,5,3,4,3,1
77,9,5,3,4,3,1
77,9,4,3,3,3,1
77,9,5,6,3,3,1
77,9,4,4,4,3,1
77,9,4,4,4,3,1
77,9,5,6,4,3,1
77,9,5,4,5,3,1
77,9,5,5,4,3,1
77,9,5,4,3,3,1
77,9,4,4,4,3,1
77,9,4,4,4,3,1
77,9,5,4,5,3,1
77,9,4,4,3,3,1
77,9,5,3,4,3,1
77,9,4,4,5,3,1
77,9,5,4,3,3,1
77,9,5,3,4,3,1
77,9,4,4,3,3,1
77,9,5,5,4,3,1
77,9,5,6,4,3,1
77,9,4,4,4,3,1
77,9,4,3,3,3,1
77,9,4,4,4,3,1
77,9,5,5,2,3,1
77,9,5,4,5,3,1
77,9,4,4,3,3,1
77,9,4,4,5,3,1
77,9,5,4,4,3,1
77,9,5,5,5,3,1
77,9,6,5,5,3,1
77,9,5,4,4,3,1
77,9,5,4,3,3,1
77,9,4,4,3,3,1
77,9,4,4,3,3,1
77,9,5,5,4,3,1
77,9,5,4,5,3,1
77,9,5,5,3,3,1
77,9,4,4,3,3,1
77,9,5,3,3,3,1
77,9,3,4,2,3,1
77,9,5,5,4,3,1
77,9,5,6,4,3,1
78,9,4,5,4,6,1
78,9,4,2,4,6,1
78,9,5,5,5,6,1
78,9,5,3,3,6,1
78,9,4,5,4,6,1
78,9,4,3,4,6,1
78,9,6,4,3,6,1
78,9,4,3,4,6,1
78,9,5,6,4,6,1
78,9,5,5,5,6,1
78,9,4,5,3,6,1
78,9,5,4,4,6,1
78,9,4,6,4,6,1
78,9,5,6,4,6,1
78,9,4,4,3,6,1
78,9,5,4,4,6,1
78,9,4,4,3,6,1
78,9,4,4,3,6,1
78,9,5,4,4,6,1
78,9,5,5,4,6,1
78,9,3,4,2,6,1
78,9,5,6,4,6,1
78,9,4,4,3,6,1
78,9,5,5,4,6,1
78,9,5,5,4,6,1
78,9,5,3,4,6,1
78,9,4,4,4,6,1
78,9,5,5,5,6,1
78,9,5,5,6,6,1
78,9,5,4,5,6,1
78,9,5,5,5,6,1
78,9,4,4,5,6,1
78,9,4,4,2,6,1
78,9,3,4,4,6,1
78,9,5,4,3,6,1
78,9,4,5,4,6,1
78,9,4,2,4,6,1
78,9,4,5,4,6,1
78,9,4,4,3,6,1
78,9,5,5,4,6,1
78,9,4,3,3,6,1
78,9,3,4,2,6,1
78,9,5,5,4,6,1
78,9,4,4,4,6,1
78,9,6,3,4,6,1
78,9,5,4,5,6,1
78,9,5,4,3,6,1
78,9,5,4,4,6,1
78,9,5,5,5,6,1
78,9,5,4,5,6,1
79,9,4,4,5,7,1
79,9,5,4,5,7,1
79,9,4,3,3,7,1
79,9,5,4,5,7,1
79,9,5,4,4,7,1
79,9,3,5,3,7,1
79,9,4,4,4,7,1
79,9,4,3,3,7,1
79,9,5,4,4,7,1
79,9,3,4,3,7,1
79,9,4,4,4,7,1
79,9,4,4,5,7,1
79,9,4,4,3,7,1
79,9,3,4,4,7,1
79,9,5,3,4,7,1
79,9,4,3,4,7,1
79,9,4,4,4,7,1
79,9,3,2,2,7,1
79,9,3,3,2,7,1
79,9,4,4,3,7,1
79,9,3,3,2,7,1
79,9,4,4,4,7,1
79,9,4,4,5,7,1
79,9,4,4,5,7,1
79,9,4,4,4,7,1
79,9,4,5,4,7,1
79,9,4,4,5,7,1
79,9,4,5,4,7,1
79,9,5,3,5,7,1
79,9,4,4,5,7,1
79,9,4,4,3,7,1
79,9,3,4,2,7,1
79,9,5,5,4,7,1
79,9,4,4,4,7,1
79,9,5,4,4,7,1
79,9,2,4,2,7,1
79,9,4,4,3,7,1
79,9,5,4,4,7,1
79,9,3,5,3,7,1
79,9,4,5,4,7,1
79,9,4,5,3,7,1
79,9,4,4,4,7,1
79,9,3,5,3,7,1
79,9,4,3,3,7,1
79,9,4,4,3,7,1
79,9,4,4,4,7,1
79,9,4,4,4,7,1
79,9,4,5,4,7,1
79,9,5,5,6,7,1
79,9,3,4,3,7,1
80,9,2,5,3,5,1
80,9,4,4,3,5,1
80,9,2,4,2,5,1
80,9,3,5,5,5,1
80,9,3,5,4,5,1
80,9,2,3,4,5,1
80,9,2,5,3,5,1
80,9,4,4,4,5,1
80,9,3,4,4,5,1
80,9,2,3,3,5,1
80,9,3,5,4,5,1
80,9,3,6,5,5,1
80,9,2,5,4,5,1
80,9,3,5,5,5,1
80,9,3,4,3,5,1
80,9,4,5,3,5,1
80,9,3,4,3,5,1
80,9,3,5,4,5,1
80,9,3,3,4,5,1
80,9,3,3,3,5,1
80,9,3,4,4,5,1
80,9,3,5,5,5,1
80,9,3,4,4,5,1
80,9,3,4,3,5,1
80,9,2,4,4,5,1
80,9,4,5,4,5,1
80,9,3,3,4,5,1
80,9,3,4,4,5,1
80,9,3,4,4,5,1
80,9,4,5,5,5,1
80,9,3,4,4,5,1
80,9,3,3,3,5,1
80,9,2,3,3,5,1
80,9,3,4,4,5,1
80,9,3,3,4,5,1
80,9,3,4,5,5,1
80,9,2,5,3,5,1
80,9,2,4,4,5,1
80,9,3,4,4,5,1
80,9,3,4,3,5,1
80,9,2,4,3,5,1
80,9,3,3,3,5,1
80,9,2,3,3,5,1
80,9,3,5,3,5,1
80,9,2,5,4,5,1
80,9,2,4,3,5,1
80,9,3,5,3,5,1
80,9,3,4,3,5,1
80,9,3,4,3,5,1
80,9,4,3,4,5,1
81,9,3,3,4,6,1
81,9,4,5,4,6,1
81,9,3,4,4,6,1
81,9,5,4,5,6,1
81,9,3,4,4,6,1
81,9,3,5,2,6,1
81,9,4,3,4,6,1
81,9,4,4,3,6,1
81,9,5,4,4,6,1
81,9,4,5,4,6,1
81,9,3,3,4,6,1
81,9,3,4,4,6,1
81,9,3,7,3,6,1
81,9,4,3,5,6,1
81,9,3,4,4,6,1
81,9,3,4,4,6,1
81,9,3,2,3,6,1
81,9,3,4,2,6,1
81,9,4,3,4,6,1
81,9,4,4,4,6,1
81,9,4,4,3,6,1
81,9,4,6,4,6,1
81,9,4,5,4,6,1
81,9,3,5,4,6,1
81,9,4,4,3,6,1
81,9,4,3,3,6,1
81,9,4,3,3,6,1
81,9,4,5,4,6,1
81,9,4,4,3,6,1
81,9,4,4,4,6,1
81,9,5,3,5,6,1
81,9,4,3,3,6,1
81,9,4,6,3,6,1
81,9,4,4,2,6,1
81,9,4,4,5,6,1
81,9,5,4,4,6,1
81,9,4,4,4,6,1
81,9,4,4,4,6,1
81,9,3,4,3,6,1
81,9,3,4,4,6,1
81,9,3,3,4,6,1
81,9,3,5,3,6,1
81,9,4,5,4,6,1
81,9,4,5,4,6,1
81,9,4,6,5,6,1
81,9,4,4,4,6,1
81,9,3,4,3,6,1
81,9,3,3,3,6,1
81,9,4,3,5,6,1
81,9,3,4,4,6,1
82,9,4,5,3,5,1
82,9,5,4,5,5,1
82,9,4,2,4,5,1
82,9,5,4,3,5,1
82,9,5,5,4,5,1
82,9,4,4,5,5,1
82,9,5,4,5,5,1
82,9,5,4,3,5,1
82,9,5,4,4,5,1
82,9,5,4,5,5,1
82,9,5,4,5,5,1
82,9,4,3,4,5,1
82,9,5,4,4,5,1
82,9,5,3,4,5,1
82,9,4,4,2,5,1
82,9,5,5,4,5,1
82,9,5,3,4,5,1
82,9,4,3,3,5,1
82,9,5,5,4,5,1
82,9,4,5,4,5,1
82,9,5,5,4,5,1
82,9,5,4,4,5,1
82,9,6,4,6,5,1
82,9,5,4,4,5,1
82,9,6,4,5,5,1
82,9,4,3,3,5,1
82,9,4,4,2,5,1
82,9,5,4,6,5,1
82,9,5,5,5,5,1
82,9,5,5,4,5,1
82,9,5,5,5,5,1
82,9,6,4,4,5,1
82,9,5,3,4,5,1
82,9,4,4,4,5,1
82,9,5,3,4,5,1
82,9,4,5,3,5,1
82,9,5,4,3,5,1
82,9,5,5,4,5,1
82,9,5,4,4,5,1
82,9,4,4,3,5,1
82,9,5,4,4,5,1
82,9,5,3,4,5,1
82,9,5,5,3,5,1
82,9,5,4,5,5,1
82,9,6,5,4,5,1
82,9,5,5,3,5,1
82,9,5,4,4,5,1
82,9,5,4,3,5,1
82,9,4,5,3,5,1
82,9,5,3,6,5,1
83,9,5,3,5,1,1
83,9,4,4,5,1,1
83,9,5,4,4,1,1
83,9,5,4,3,1,1
83,9,4,4,3,1,1
83,9,5,5,3,1,1
83,9,4,4,3,1,1
83,9,5,4,4,1,1
83,9,5,5,3,1,1
83,9,4,4,4,1,1
83,9,5,5,5,1,1
83,9,5,4,3,1,1
83,9,4,5,4,1,1
83,9,5,4,4,1,1
83,9,5,3,4,1,1
83,9,5,3,4,1,1
83,9,5,3,5,1,1
83,9,5,5,3,1,1
83,9,5,5,2,1,1
83,9,5,4,5,1,1
83,9,5,3,3,1,1
83,9,5,3,4,1,1
83,9,5,4,3,1,1
83,9,5,4,4,1,1
83,9,5,3,5,1,1
83,9,4,4,5,1,1
83,9,5,4,3,1,1
83,9,5,4,4,1,1
83,9,6,4,4,1,1
83,9,5,5,4,1,1
83,9,6,5,4,1,1
83,9,5,4,2,1,1
83,9,5,5,3,1,1
83,9,5,5,5,1,1
83,9,4,5,4,1,1
83,9,4,6,4,1,1
83,9,5,4,3,1,1
83,9,5,4,4,1,1
83,9,5,4,3,1,1
83,9,5,4,3,1,1
83,9,5,5,3,1,1
83,9,5,3,3,1,1
83,9,5,5,5,1,1
83,9,5,5,3,1,1
83,9,5,3,4,1,1
83,9,5,4,5,1,1
83,9,5,4,3,1,1
83,9,5,4,5,1,1
83,9,5,5,4,1,1
83,9,5,3,3,1,1
84,9,2,5,4,1,1
84,9,3,4,2,1,1
84,9,3,3,2,1,1
84,9,3,4,3,1,1
84,9,4,4,5,1,1
84,9,3,4,4,1,1
84,9,3,4,3,1,1
84,9,4,5,5,1,1
84,9,3,5,5,1,1
84,9,3,4,4,1,1
84,9,4,5,4,1,1
84,9,4,4,4,1,1
84,9,4,4,3,1,1
84,9,3,5,3,1,1
84,9,4,3,3,1,1
84,9,4,4,4,1,1
84,9,4,4,5,1,1
84,9,3,3,3,1,1
84,9,3,4,5,1,1
84,9,3,3,2,1,1
84,9,4,3,4,1,1
84,9,4,4,3,1,1
84,9,3,5,4,1,1
84,9,3,3,4,1,1
84,9,3,4,3,1,1
84,9,4,4,3,1,1
84,9,4,4,3,1,1
84,9,4,4,4,1,1
84,9,3,4,3,1,1
84,9,4,4,5,1,1
84,9,3,3,3,1,1
84,9,3,5,2,1,1
84,9,3,5,2,1,1
84,9,3,5,4,1,1
84,9,4,4,4,1,1
84,9,3,4,3,1,1
84,9,2,4,3,1,1
84,9,3,4,3,1,1
84,9,4,5,3,1,1
84,9,3,3,4,1,1
84,9,4,3,5,1,1
84,9,3,5,6,1,1
84,9,3,4,3,1,1
84,9,4,5,4,1,1
84,9,3,4,3,1,1
84,9,4,4,4,1,1
84,9,4,4,3,1,1
84,9,3,5,3,1,1
84,9,4,4,2,1,1
84,9,2,4,2,1,1
85,9,2,5,2,3,1
85,9,2,4,3,3,1
85,9,2,3,3,3,1
85,9,3,4,5,3,1
85,9,4,4,3,3,1
85,9,3,5,3,3,1
85,9,2,4,3,3,1
85,9,4,4,3,3,1
85,9,3,3,4,3,1
85,9,3,4,4,3,1
85,9,2,3,3,3,1
85,9,4,4,3,3,1
85,9,3,4,4,3,1
85,9,3,6,3,3,1
85,9,3,3,3,3,1
85,9,3,3,3,3,1
85,9,3,5,4,3,1
85,9,3,3,3,3,1
85,9,4,5,3,3,1
85,9,2,3,4,3,1
85,9,4,4,4,3,1
85,9,3,5,5,3,1
85,9,3,3,3,3,1
85,9,3,4,4,3,1
85,9,3,4,4,3,1
85,9,3,4,3,3,1
85,9,3,5,4,3,1
85,9,3,5,4,3,1
85,9,2,4,4,3,1
85,9,4,4,5,3,1
85,9,3,4,4,3,1
85,9,3,5,5,3,1
85,9,3,3,4,3,1
85,9,3,4,3,3,1
85,9,4,4,3,3,1
85,9,4,4,4,3,1
85,9,4,4,3,3,1
85,9,3,4,3,3,1
85,9,3,4,3,3,1
85,9,2,5,4,3,1
85,9,3,5,4,3,1
85,9,2,4,4,3,1
85,9,3,6,4,3,1
85,9,3,4,4,3,1
85,9,3,4,4,3,1
85,9,3,5,3,3,1
85,9,3,4,3,3,1
85,9,3,5,4,3,1
85,9,3,3,5,3,1
85,9,4,5,5,3,1
86,9,3,3,4,2,1
86,9,4,4,4,2,1
86,9,3,3,4,2,1
86,9,3,2,2,2,1
86,9,3,5,3,2,1
86,9,2,4,4,2,1
86,9,4,5,4,2,1
86,9,3,3,3,2,1
86,9,3,5,4,2,1
86,9,4,4,4,2,1
86,9,3,3,4,2,1
86,9,3,5,4,2,1
86,9,4,4,3,2,1
86,9,3,5,4,2,1
86,9,3,4,4,2,1
86,9,3,5,5,2,1
86,9,3,5,4,2,1
86,9,4,4,5,2,1
86,9,3,4,4,2,1
86,9,3,4,4,2,1
86,9,3,4,4,2,1
86,9,4,4,4,2,1
86,9,3,4,4,2,1
86,9,4,4,3,2,1
86,9,3,5,2,2,1
86,9,4,4,4,2,1
86,9,3,4,4,2,1
86,9,3,3,4,2,1
86,9,4,4,3,2,1
86,9,3,4,3,2,1
86,9,4,4,5,2,1
86,9,3,4,4,2,1
86,9,2,4,3,2,1
86,9,3,4,4,2,1
86,9,4,5,4,2,1
86,9,3,5,4,2,1
86,9,3,4,3,2,1
86,9,3,2,4,2,1
86,9,3,4,4,2,1
86,9,3,4,4,2,1
86,9,3,3,4,2,1
86,9,4,4,3,2,1
86,9,4,4,4,2,1
86,9,4,2,3,2,1
86,9,3,4,3,2,1
86,9,4,4,2,2,1
86,9,3,4,3,2,1
86,9,3,5,4,2,1
86,9,3,4,4,2,1
86,9,3,4,4,2,1
87,10,3,5,4,5,1
87,10,3,3,5,5,1
87,10,4,3,4,5,1
87,10,3,5,3,5,1
87,10,2,3,3,5,1
87,10,3,5,4,5,1
87,10,3,6,2,5,1
87,10,3,5,4,5,1
87,10,3,5,2,5,1
87,10,3,4,3,5,1
87,10,3,4,3,5,1
87,10,3,4,3,5,1
87,10,3,4,3,5,1
87,10,3,3,3,5,1
87,10,3,5,3,5,1
87,10,3,5,3,5,1
87,10,4,3,4,5,1
87,10,4,5,4,5,1
87,10,3,5,3,5,1
87,10,3,5,3,5,1
87,10,3,5,3,5,1
87,10,4,5,4,5,1
87,10,4,4,4,5,1
87,10,4,4,4,5,1
87,10,4,4,4,5,1
87,10,4,5,4,5,1
87,10,3,4,4,5,1
87,10,3,4,4,5,1
87,10,3,5,5,5,1
87,10,4,4,4,5,1
87,10,4,5,5,5,1
87,10,3,4,3,5,1
87,10,3,3,3,5,1
87,10,3,3,3,5,1
87,10,4,4,2,5,1
87,10,4,3,5,5,1
87,10,3,3,3,5,1
87,10,3,4,3,5,1
87,10,2,4,4,5,1
87,10,3,2,3,5,1
87,10,3,4,3,5,1
87,10,3,5,4,5,1
87,10,4,5,3,5,1
87,10,3,5,4,5,1
87,10,4,4,3,5,1
87,10,4,6,3,5,1
87,10,2,3,4,5,1
87,10,3,4,4,5,1
87,10,3,4,5,5,1
87,10,3,3,3,5,1
88,10,4,5,3,6,1
88,10,5,4,4,6,1
88,10,4,5,3,6,1
88,10,4,4,3,6,1
88,10,4,4,4,6,1
88,10,4,4,3,6,1
88,10,5,5,3,6,1
88,10,4,5,4,6,1
88,10,4,5,3,6,1
88,10,5,4,5,6,1
88,10,5,3,4,6,1
88,10,4,4,4,6,1
88,10,4,4,3,6,1
88,10,3,4,3,6,1
88,10,5,4,4,6,1
88,10,4,4,3,6,1
88,10,5,2,4,6,1
88,10,4,4,4,6,1
88,10,4,6,4,6,1
88,10,5,5,4,6,1
88,10,5,5,3,6,1
88,10,3,4,3,6,1
88,10,4,4,4,6,1
88,10,4,4,4,6,1
88,10,4,4,3,6,1
88,10,4,4,3,6,1
88,10,5,5,5,6,1
88,10,4,3,6,6,1
88,10,5,5,3,6,1
88,10,3,4,3,6,1
88,10,4,3,2,6,1
88,10,4,5,4,6,1
88,10,4,4,4,6,1
88,10,4,5,3,6,1
88,10,5,3,4,6,1
88,10,4,4,2,6,1
88,10,6,4,4,6,1
88,10,5,5,5,6,1
88,10,4,3,4,6,1
88,10,5,3,5,6,1
88,10,4,4,4,6,1
88,10,4,4,4,6,1
88,10,5,2,4,6,1
88,10,4,4,3,6,1
88,10,4,4,3,6,1
88,10,4,2,3,6,1
88,10,5,4,4,6,1
88,10,3,5,4,6,1
88,10,4,4,5,6,1
88,10,5,5,4,6,1
89,10,4,5,5,5,1
89,10,4,5,3,5,1
89,10,4,2,4,5,1
89,10,4,3,4,5,1
89,10,3,4,3,5,1
89,10,4,5,4,5,1
89,10,4,4,4,5,1
89,10,3,4,4,5,1
89,10,3,5,3,5,1
89,10,4,3,3,5,1
89,10,4,3,4,5,1
89,10,3,5,3,5,1
89,10,3,4,4,5,1
89,10,4,4,4,5,1
89,10,4,5,4,5,1
89,10,4,4,3,5,1
89,10,3,5,4,5,1
89,10,3,4,5,5,1
89,10,3,5,3,5,1
89,10,4,4,5,5,1
89,10,4,4,3,5,1
89,10,3,4,3,5,1
89,10,3,4,3,5,1
89,10,4,4,4,5,1
89,10,4,4,3,5,1
89,10,3,5,2,5,1
89,10,4,4,5,5,1
89,10,4,1,4,5,1
89,10,4,6,4,5,1
89,10,3,4,3,5,1
89,10,4,5,5,5,1
89,10,3,4,2,5,1
89,10,4,3,3,5,1
89,10,4,4,3,5,1
89,10,4,5,3,5,1
89,10,4,4,3,5,1
89,10,4,3,4,5,1
89,10,4,5,4,5,1
89,10,4,3,4,5,1
89,10,3,3,3,5,1
89,10,4,4,3,5,1
89,10,3,6,4,5,1
89,10,3,5,3,5,1
89,10,5,5,3,5,1
89,10,3,4,3,5,1
89,10,3,3,4,5,1
89,10,3,4,3,5,1
89,10,4,4,4,5,1
89,10,3,4,4,5,1
89,10,4,4,4,5,1
90,10,3,4,3,2,1
90,10,3,6,4,2,1
90,10,3,4,3,2,1
90,10,3,4,3,2,1
90,10,3,5,3,2,1
90,10,4,5,4,2,1
90,10,3,5,2,2,1
90,10,3,4,3,2,1
90,10,4,5,3,2,1
90,10,4,3,4,2,1
90,10,3,5,3,2,1
90,10,3,5,4,2,1
90,10,3,5,4,2,1
90,10,3,4,3,2,1
90,10,3,2,3,2,1
90,10,3,4,3,2,1
90,10,3,4,3,2,1
90,10,5,5,5,2,1
90,10,3,5,3,2,1
90,10,4,2,5,2,1
90,10,4,5,4,2,1
90,10,3,3,3,2,1
90,10,3,3,3,2,1
90,10,4,6,4,2,1
90,10,4,5,4,2,1
90,10,3,4,3,2,1
90,10,3,2,3,2,1
90,10,3,4,4,2,1
90,10,3,4,4,2,1
90,10,3,3,3,2,1
90,10,3,4,4,2,1
90,10,3,5,4,2,1
90,10,3,4,3,2,1
90,10,4,3,3,2,1
90,10,3,4,5,2,1
90,10,3,5,3,2,1
90,10,3,5,4,2,1
90,10,3,5,4,2,1
90,10,3,3,4,2,1
90,10,4,5,4,2,1
90,10,4,4,3,2,1
90,10,3,3,4,2,1
90,10,3,4,5,2,1
90,10,4,5,4,2,1
90,10,4,4,3,2,1
90,10,4,3,4,2,1
90,10,3,4,3,2,1
90,10,3,5,4,2,1
90,10,3,4,1,2,1
90,10,3,4,4,2,1
91,10,3,3,3,3,1
91,10,3,5,4,3,1
91,10,3,4,3,3,1
91,10,3,4,4,3,1
91,10,3,5,4,3,1
91,10,3,6,4,3,1
91,10,3,4,4,3,1
91,10,3,5,3,3,1
91,10,3,4,4,3,1
91,10,3,6,4,3,1
91,10,4,5,2,3,1
91,10,3,2,4,3,1
91,10,3,5,4,3,1
91,10,3,3,4,3,1
91,10,4,5,2,3,1
91,10,3,4,3,3,1
91,10,4,3,3,3,1
91,10,4,4,4,3,1
91,10,4,4,2,3,1
91,10,3,4,4,3,1
91,10,3,5,3,3,1
91,10,3,4,3,3,1
91,10,3,4,4,3,1
91,10,3,5,4,3,1
91,10,3,4,4,3,1
91,10,3,3,4,3,1
91,10,3,5,3,3,1
91,10,4,3,3,3,1
91,10,3,2,3,3,1
91,10,4,5,5,3,1
91,10,4,4,3,3,1
91,10,3,5,3,3,1
91,10,3,3,3,3,1
91,10,3,4,4,3,1
91,10,3,3,4,3,1
91,10,3,4,3,3,1
91,10,3,4,5,3,1
91,10,3,4,4,3,1
91,10,3,4,4,3,1
91,10,4,4,3,3,1
91,10,3,4,3,3,1
91,10,4,4,3,3,1
91,10,4,5,5,3,1
91,10,3,4,3,3,1
91,10,3,3,3,3,1
91,10,4,4,3,3,1
91,10,3,5,4,3,1
91,10,3,2,4,3,1
91,10,4,3,6,3,1
91,10,3,4,4,3,1
92,10,3,4,4,3,1
92,10,3,2,4,3,1
92,10,3,4,4,3,1
92,10,3,6,4,3,1
92,10,4,4,5,3,1
92,10,3,5,4,3,1
92,10,3,5,3,3,1
92,10,4,4,4,3,1
92,10,3,3,4,3,1
92,10,3,6,5,3,1
92,10,3,3,3,3,1
92,10,3,4,4,3,1
92,10,3,4,4,3,1
92,10,3,4,5,3,1
92,10,4,4,3,3,1
92,10,4,4,5,3,1
92,10,4,4,4,3,1
92,10,3,5,3,3,1
92,10,3,3,3,3,1
92,10,4,4,4,3,1
92,10,4,4,4,3,1
92,10,3,4,2,3,1
92,10,3,4,4,3,1
92,10,3,4,3,3,1
92,10,4,4,5,3,1
92,10,3,5,4,3,1
92,10,3,3,3,3,1
92,10,3,5,3,3,1
92,10,4,5,3,3,1
92,10,2,4,3,3,1
92,10,4,4,3,3,1
92,10,3,5,4,3,1
92,10,4,3,3,3,1
92,10,3,4,4,3,1
92,10,3,5,4,3,1
92,10,4,4,3,3,1
92,10,3,3,3,3,1
92,10,3,4,3,3,1
92,10,4,4,5,3,1
92,10,3,3,2,3,1
92,10,4,6,4,3,1
92,10,3,5,5,3,1
92,10,4,5,4,3,1
92,10,4,5,2,3,1
92,10,4,4,4,3,1
92,10,3,5,4,3,1
92,10,5,4,3,3,1
92,10,3,4,5,3,1
92,10,4,3,3,3,1
92,10,3,6,3,3,1
93,10,4,5,5,5,1
93,10,4,4,4,5,1
93,10,4,5,3,5,1
93,10,4,5,4,5,1
93,10,4,3,3,5,1
93,10,4,5,3,5,1
93,10,4,4,4,5,1
93,10,4,5,4,5,1
93,10,4,3,5,5,1
93,10,3,5,4,5,1
93,10,4,3,5,5,1
93,10,4,4,4,5,1
93,10,4,6,5,5,1
93,10,4,4,4,5,1
93,10,4,4,4,5,1
93,10,4,3,4,5,1
93,10,3,5,3,5,1
93,10,4,4,3,5,1
93,10,4,6,4,5,1
93,10,4,5,3,5,1
93,10,4,5,3,5,1
93,10,3,3,5,5,1
93,10,4,4,5,5,1
93,10,4,5,3,5,1
93,10,4,3,5,5,1
93,10,4,4,3,5,1
93,10,4,4,4,5,1
93,10,3,3,4,5,1
93,10,4,4,3,5,1
93,10,3,4,3,5,1
93,10,4,4,4,5,1
93,10,3,5,4,5,1
93,10,3,4,3,5,1
93,10,4,5,3,5,1
93,10,4,4,4,5,1
93,10,3,4,4,5,1
93,10,4,4,4,5,1
93,10,4,6,5,5,1
93,10,3,3,2,5,1
93,10,4,5,4,5,1
93,10,4,4,3,5,1
93,10,3,4,3,5,1
93,10,4,4,3,5,1
93,10,4,5,3,5,1
93,10,4,4,4,5,1
93,10,4,3,4,5,1
93,10,4,5,3,5,1
93,10,4,4,4,5,1
93,10,4,5,2,5,1
93,10,3,5,3,5,1
94,10,2,3,2,2,1
94,10,2,5,3,2,1
94,10,2,5,2,2,1
94,10,2,4,4,2,1
94,10,2,4,3,2,1
94,10,2,3,2,2,1
94,10,2,5,3,2,1
94,10,2,5,3,2,1
94,10,3,4,5,2,1
94,10,3,4,3,2,1
94,10,2,4,3,2,1
94,10,2,5,4,2,1
94,10,2,5,4,2,1
94,10,2,5,3,2,1
94,10,2,4,4,2,1
94,10,2,6,3,2,1
94,10,2,3,4,2,1
94,10,2,4,3,2,1
94,10,4,5,4,2,1
94,10,1,4,4,2,1
94,10,2,3,4,2,1
94,10,3,4,4,2,1
94,10,2,4,3,2,1
94,10,2,4,3,2,1
94,10,3,4,4,2,1
94,10,2,4,4,2,1
94,10,3,3,3,2,1
94,10,3,4,3,2,1
94,10,2,3,4,2,1
94,10,1,4,4,2,1
94,10,2,4,5,2,1
94,10,3,6,4,2,1
94,10,3,4,3,2,1
94,10,3,4,6,2,1
94,10,2,5,4,2,1
94,10,3,4,4,2,1
94,10,2,4,3,2,1
94,10,2,4,4,2,1
94,10,2,3,5,2,1
94,10,2,4,4,2,1
94,10,2,6,4,2,1
94,10,2,4,3,2,1
94,10,2,5,5,2,1
94,10,2,5,4,2,1
94,10,1,4,5,2,1
94,10,3,3,5,2,1
94,10,3,4,4,2,1
94,10,3,5,5,2,1
94,10,1,3,3,2,1
94,10,2,3,4,2,1
95,10,2,4,3,5,1
95,10,2,4,2,5,1
95,10,3,5,5,5,1
95,10,1,3,3,5,1
95,10,2,3,3,5,1
95,10,3,2,4,5,1
95,10,2,4,4,5,1
95,10,1,5,3,5,1
95,10,3,4,4,5,1
95,10,2,4,3,5,1
95,10,3,4,5,5,1
95,10,3,4,4,5,1
95,10,3,5,3,5,1
95,10,3,3,4,5,1
95,10,2,4,3,5,1
95,10,3,3,5,5,1
95,10,3,5,4,5,1
95,10,3,6,4,5,1
95,10,3,5,4,5,1
95,10,3,4,3,5,1
95,10,3,5,3,5,1
95,10,2,4,3,5,1
95,10,2,4,3,5,1
95,10,2,4,3,5,1
95,10,2,4,3,5,1
95,10,2,4,4,5,1
95,10,2,6,2,5,1
95,10,3,5,5,5,1
95,10,2,3,3,5,1
95,10,2,4,3,5,1
95,10,2,5,4,5,1
95,10,2,4,5,5,1
95,10,3,4,4,5,1
95,10,3,4,4,5,1
95,10,2,3,3,5,1
95,10,3,3,3,5,1
95,10,2,3,3,5,1
95,10,2,4,4,5,1
95,10,2,3,4,5,1
95,10,2,5,3,5,1
95,10,3,3,4,5,1
95,10,3,4,4,5,1
95,10,3,5,2,5,1
95,10,2,4,4,5,1
95,10,2,3,3,5,1
95,10,3,3,5,5,1
95,10,3,4,2,5,1
95,10,2,3,5,5,1
95,10,2,5,3,5,1
95,10,3,5,5,5,1
96,11,5,3,5,3,0
96,11,4,5,4,3,0
96,11,4,4,4,3,0
96,11,5,6,4,3,0
96,11,4,4,3,3,0
96,11,4,4,3,3,0
96,11,4,5,4,3,0
96,11,6,5,4,3,0
96,11,4,4,4,3,0
96,11,5,3,4,3,0
96,11,4,4,4,3,0
96,11,4,5,4,3,0
96,11,5,6,4,3,0
96,11,4,4,3,3,0
96,11,4,5,3,3,0
96,11,5,4,4,3,0
96,11,4,5,3,3,0
96,11,5,5,3,3,0
96,11,4,4,3,3,0
96,11,5,3,4,3,0
96,11,4,6,5,3,0
96,11,4,5,4,3,0
96,11,4,1,3,3,0
96,11,4,4,4,3,0
96,11,5,4,4,3,0
96,11,4,4,6,3,0
96,11,5,5,4,3,0
96,11,4,3,4,3,0
96,11,4,5,4,3,0
96,11,4,4,2,3,0
96,11,4,3,4,3,0
96,11,4,3,5,3,0
96,11,5,4,3,3,0
96,11,5,3,4,3,0
96,11,4,2,3,3,0
96,11,4,4,5,3,0
96,11,4,4,3,3,0
96,11,4,3,3,3,0
96,11,4,4,3,3,0
96,11,4,5,4,3,0
96,11,4,3,3,3,0
96,11,5,5,5,3,0
96,11,4,4,4,3,0
96,11,4,4,4,3,0
96,11,5,4,4,3,0
96,11,5,5,3,3,0
96,11,4,5,3,3,0
96,11,4,5,4,3,0
96,11,5,4,4,3,0
96,11,4,4,3,3,0
97,11,4,5,4,4,0
97,11,4,3,4,4,0
97,11,4,4,3,4,0
97,11,5,3,3,4,0
97,11,4,4,4,4,0
97,11,4,5,5,4,0
97,11,5,3,3,4,0
97,11,5,3,4,4,0
97,11,4,5,3,4,0
97,11,5,5,5,4,0
97,11,4,3,4,4,0
97,11,4,3,2,4,0
97,11,4,5,5,4,0
97,11,4,5,3,4,0
97,11,4,4,3,4,0
97,11,5,4,4,4,0
97,11,4,4,3,4,0
97,11,5,5,5,4,0
97,11,5,5,4,4,0
97,11,4,2,3,4,0
97,11,5,4,4,4,0
97,11,5,3,4,4,0
97,11,4,4,4,4,0
97,11,5,4,5,4,0
97,11,5,4,3,4,0
97,11,5,4,4,4,0
97,11,4,4,3,4,0
97,11,4,5,3,4,0
97,11,4,4,3,4,0
97,11,5,4,4,4,0
97,11,5,3,4,4,0
97,11,4,3,2,4,0
97,11,5,4,4,4,0
97,11,5,4,4,4,0
97,11,5,4,4,4,0
97,11,5,4,5,4,0
97,11,5,5,4,4,0
97,11,4,4,4,4,0
97,11,4,4,3,4,0
97,11,5,4,3,4,0
97,11,5,7,4,4,0
97,11,5,4,5,4,0
97,11,4,3,5,4,0
97,11,5,5,4,4,0
97,11,4,4,4,4,0
97,11,4,4,3,4,0
97,11,5,5,3,4,0
97,11,4,4,3,4,0
97,11,5,4,4,4,0
97,11,5,4,3,4,0
98,11,5,4,3,4,0
98,11,4,4,4,4,0
98,11,5,3,4,4,0
98,11,5,4,4,4,0
98,11,5,5,5,4,0
98,11,5,5,3,4,0
98,11,5,4,4,4,0
98,11,5,3,3,4,0
98,11,5,5,3,4,0
98,11,5,4,3,4,0
98,11,4,3,3,4,0
98,11,4,6,3,4,0
98,11,5,4,4,4,0
98,11,5,6,4,4,0
98,11,4,5,3,4,0
98,11,6,5,3,4,0
98,11,5,4,4,4,0
98,11,5,3,4,4,0
98,11,5,4,3,4,0
98,11,5,5,3,4,0
98,11,5,4,4,4,0
98,11,4,3,4,4,0
98,11,5,2,4,4,0
98,11,5,4,4,4,0
98,11,5,3,3,4,0
98,11,5,4,4,4,0
98,11,4,5,4,4,0
98,11,5,3,4,4,0
98,11,5,4,3,4,0
98,11,4,4,3,4,0
98,11,5,3,4,4,0
98,11,5,3,4,4,0
98,11,5,5,4,4,0
98,11,5,5,3,4,0
98,11,6,5,5,4,0
98,11,4,6,3,4,0
98,11,5,4,3,4,0
98,11,5,3,4,4,0
98,11,5,3,4,4,0
98,11,4,4,3,4,0
98,11,5,4,3,4,0
98,11,5,5,4,4,0
98,11,5,3,4,4,0
98,11,5,4,4,4,0
98,11,5,3,4,4,0
98,11,4,4,4,4,0
98,11,5,5,3,4,0
98,11,4,5,3,4,0
98,11,6,5,3,4,0
98,11,4,5,5,4,0
99,11,5,3,4,3,0
99,11,5,3,3,3,0
99,11,5,5,4,3,0
99,11,6,3,3,3,0
99,11,4,5,4,3,0
99,11,6,5,3,3,0
99,11,5,6,4,3,0
99,11,5,5,3,3,0
99,11,5,4,4,3,0
99,11,5,3,4,3,0
99,11,5,4,3,3,0
99,11,5,4,3,3,0
99,11,5,4,4,3,0
99,11,5,3,3,3,0
99,11,6,4,5,3,0
99,11,5,3,3,3,0
99,11,4,4,4,3,0
99,11,5,4,5,3,0
99,11,6,5,4,3,0
99,11,5,5,3,3,0
99,11,6,5,4,3,0
99,11,5,5,4,3,0
99,11,5,5,5,3,0
99,11,6,5,4,3,0
99,11,5,5,3,3,0
99,11,6,5,4,3,0
99,11,5,4,5,3,0
99,11,6,5,4,3,0
99,11,6,4,4,3,0
99,11,5,5,3,3,0
99,11,5,4,4,3,0
99,11,4,4,3,3,0
99,11,6,4,5,3,0
99,11,5,4,3,3,0
99,11,5,3,4,3,0
99,11,4,4,4,3,0
99,11,5,5,6,3,0
99,11,5,3,2,3,0
99,11,6,4,4,3,0
99,11,6,3,4,3,0
99,11,5,3,4,3,0
99,11,5,5,4,3,0
99,11,6,6,4,3,0
99,11,5,4,4,3,0
99,11,5,3,5,3,0
99,11,5,3,4,3,0
99,11,4,4,3,3,0
99,11,5,3,3,3,0
99,11,5,4,4,3,0
99,11,5,5,3,3,0
100,11,5,6,4,1,0
100,11,4,4,2,1,0
100,11,4,3,4,1,0
100,11,4,4,5,1,0
100,11,4,4,3,1,0
100,11,4,4,5,1,0
100,11,4,4,3,1,0
100,11,4,4,4,1,0
100,11,4,5,4,1,0
100,11,4,5,3,1,0
100,11,4,3,4,1,0
100,11,4,4,4,1,0
100,11,3,5,3,1,0
100,11,4,5,4,1,0
100,11,4,4,3,1,0
100,11,4,3,4,1,0
100,11,4,3,4,1,0
100,11,5,4,5,1,0
100,11,4,4,4,1,0
100,11,4,4,4,1,0
100,11,4,6,3,1,0
100,11,5,5,4,1,0
100,11,5,4,2,1,0
100,11,5,4,4,1,0
100,11,4,5,3,1,0
100,11,5,4,4,1,0
100,11,3,4,4,1,0
100,11,4,5,4,1,0
100,11,5,3,5,1,0
100,11,4,6,4,1,0
100,11,4,5,4,1,0
100,11,4,5,3,1,0
100,11,4,4,4,1,0
100,11,4,5,3,1,0
100,11,4,4,3,1,0
100,11,3,3,4,1,0
100,11,4,5,4,1,0
100,11,4,4,3,1,0
100,11,4,4,4,1,0
100,11,4,3,4,1,0
100,11,3,5,4,1,0
100,11,5,4,3,1,0
100,11,5,4,3,1,0
100,11,5,4,3,1,0
100,11,4,4,5,1,0
100,11,3,4,3,1,0
100,11,4,3,3,1,0
100,11,5,5,5,1,0
100,11,4,4,5,1,0
100,11,5,4,3,1,0
